0,1,2,3,4
0.12671109127151237,4.414108346567557,1.9918352781762731,-2.977937363488421,-0.06804222652928882
-3.7682456602452827,1.0278425707409853,-0.16445272163175062,-2.275241374851295,-2.199204729169212
2.3079788835247443,-3.769597104588832,-0.15195266042442945,1.8574512957365448,-0.10634819266791684
1.418275307945179,3.7697688884750926,3.717364920839998,0.0862525146155746,2.5718191426746992
1.1462475554416516,-3.8671982959685876,-3.4994406558683275,1.431520963470243,-3.585280521791039
-3.2100560849780084,1.9256788896173966,-2.4985573494369095,2.1803681877705143,3.899173936110655
-3.36941790756636,2.316293063746754,2.294027648067038,0.021480238507796123,-3.9755814692249993
3.2568383558572123,1.5700697049827812,-0.0048121122595690125,0.07016734038865735,0.42404841377356295
-3.9674033757991785,0.4190852582039159,-3.811343046964856,1.5696388668721521,1.2873360819573367
-1.811242232540911,-3.2409016760478275,1.8450050559916393,-1.9477446414596056,-1.5427002020630458
2.5863480183516447,3.1745003250562296,2.7885140376719857,2.1970339945461195,-4.3422134712502505
2.771138530617164,2.4542332022915754,-3.0858193652115835,-0.0571058021043811,-1.8748282069963862
-0.8208008656012753,3.670589781036552,1.9494060575512862,2.9729251903500797,-0.04631028174350682
3.289891061512912,-2.8536532320120758,-2.189642464824133,-0.8338692918232544,2.6127115140313224
2.7357151079866213,2.106512304635353,0.7883013627288156,2.8081831290828028,1.503436535969171
-0.8151689009190495,3.1888104425105244,-1.6370378483002108,-0.25934126278595215,1.1617910300742942
1.9180250596838198,4.0928276354613295,-0.18304529911843836,1.097996675650494,1.5893352080295013
-0.6384836587137173,5.259907189849166,0.39400823430607357,-0.6027381165813024,-1.5184847889036615
-3.0804406154992616,3.4192798989472073,-0.6394869650069666,-0.06299994427907452,2.759960068210784
2.0040276591937376,3.2219061721790667,-0.4852694811337859,-1.4991592318727833,3.8716899329822976
-1.2932921481537747,4.237787368299592,1.5820576300651839,0.8953268013640523,1.4992503580336516
-0.5690778136306065,-4.596676305518702,-0.8002537719701568,1.5038653328359999,-1.2265991515571688
1.9849288738026534,3.4128828607262145,-2.325076015086423,2.918590278657181,1.074882853664632
-2.2184655728911142,3.2303516574483657,2.2334786345203,-0.3992421093583811,1.8119812806145053
-0.2183980848185838,-3.3222185264070436,-3.8531061911663436,-0.440282388252089,-2.7345825279282128
-1.5697066027549722,-3.2688060324951667,-3.9546321010616587,-2.51376284599191,-3.2631785199705314
3.4095919866418267,-3.2538864107009995,0.6984794806496071,-2.724675076549416,-1.5938086999577754
2.1847410261394353,2.974659092046398,-0.011384788013931058,1.9648589087768533,2.196112870785819
3.862298998091645,-0.4604660154095733,-0.392452722311492,2.899657462968065,-4.690105481738413
3.0886576130736927,-2.548811576902992,1.685793215393077,-2.4499644660301194,-3.923708910541315
-1.0991794054463062,-4.482722510697031,-0.44157744592842185,-2.0750012394377553,3.848744946779254
1.7917675446713064,2.442191142326901,-2.2281581454436132,2.99140377557889,-4.435031994301577
3.7492590858330956,1.5753740448512137,3.6980003103946526,1.2595363502164192,-1.9320668977536606
1.7475616413771684,4.869818734517789,-3.0119157647217696,2.099476572823548,0.11508705444280753
-2.2344567045261137,-2.9734933369448284,0.6535741457353641,2.8466277789837644,1.789963016266424
-2.957574630102215,2.0451905501199414,-2.513857419555313,1.9484396636599994,3.0978844779772174
0.7399304184278943,4.624964039301324,-3.5660729903793458,-1.7291851471782482,-4.688063134426889
-3.8215297904549104,-1.0707879986171658,2.830231596382303,0.23636671882427995,1.5203267702679035
-3.9475394325467414,-0.5265797048217902,-1.5185655919152072,-0.9815791316538212,2.6416357718219157
1.4156887836940273,-3.393009855292699,3.186485964210494,-2.8906161914719464,-3.2746871025663973
-3.7760779784907763,1.934109159497638,-0.13022183527762365,2.481648056003965,-2.010708432221473
2.859893216829346,-2.5325248823159696,-3.041472903953193,-0.09545009684260197,-2.5612969311141414
0.4340973176872689,5.2852181342395035,-0.2954518354434361,-1.1972104392966818,-4.564680646157797
2.5749232601982044,2.1212022722965163,1.6073024761413137,-1.0779891253749554,2.588731866091906
-3.9858223632537113,1.2563154036487183,1.1675248424786044,-1.7096837483682772,-3.6490032702229938
0.532140457270029,3.641853040156829,2.4891869870096484,1.4039484982878534,3.824715331631161
2.283282524487235,3.3363034310831705,1.1954662922383283,1.2712961901348123,2.892598436062041
3.0149177074305076,-2.386971531354485,-1.7003606498286787,0.2659523749189816,-4.988537579993399
-2.44818794361328,2.91426183477613,-2.695057499861374,0.9223255200247817,3.5986198835355196
1.613324080005957,3.119413378837768,-2.636448484215073,2.7338348306164715,1.455122152889217
2.6156102868672475,2.3857992734699156,-1.517631910435842,1.1294060711949827,-2.0580491916505848
-2.5471391602555045,-1.7857873869911656,-2.324776175687683,-2.7365960372812443,-0.05607742154279993
-1.3560551626772677,-3.325871267326331,-3.1340882381838684,1.0687483764044723,-0.018686795947836288
3.403699628525139,-1.273526618421171,-0.0207923351613708,2.290149978814524,-1.238894018184277
0.7199933105485261,4.550235361339815,2.5178859166578613,0.6469215770290093,-4.476951423378976
2.8770203992111343,3.0683566832115012,-1.366105226938381,-2.3890763630788365,-2.7346429755888058
-1.1055152698121162,3.389438621567048,0.9398520888150079,-2.3683461530689676,-1.6611719514419674
2.8439197710956297,-2.6264643913535766,2.433980454715411,-1.7637516560715731,2.3512814539714126
-2.1535915848211173,4.0371118830753705,-0.2529463199478963,1.0225000704500733,1.7601708555083517
-0.1988800854203321,-3.7065248395905197,-0.617648522084087,-2.4441899524303796,2.501533594833025
-2.2368221757305538,-4.107709977370661,-2.9457858628619045,2.6131315403241455,-0.9710862333890065
1.2638531385203589,-4.078986615226306,2.962729783101201,-1.7346595600923935,2.650784674898804
-3.8255192554386417,2.420167691539042,1.2872608405506352,-0.154283366087828,0.4932666529130758
-2.845972171921427,-3.8881429971569235,1.7513282764206632,-0.07602316728255509,-4.625780517649522
1.0086075797632796,-4.2538286022924945,-1.9799963200295867,1.5637144691249336,-2.4118444767390965
2.734052956361613,-2.9131482272295064,2.5927035851812903,-0.7731143023818472,0.3269086943497195
2.3774980258960623,-2.2116758087114037,-2.209419976905508,2.901984873077657,2.8847695725301534
-3.5747844357465253,1.6705030717348823,3.775822824493588,-2.0083966358119376,0.27910114767460925
-3.8424696014596957,0.5594932348843783,-3.6841703811295137,-0.5404776945174974,-3.8361726359783
0.5812246784223136,3.4315559218052396,0.5343167678339196,2.1414317424171987,2.6934845409997132
3.286968126298551,-2.4807154698104266,0.04124679500655226,1.0187693641435631,-4.3752388642428715
2.4482509623788653,2.402923736003877,-2.8030311705251334,2.7339359303361954,-1.7758981550548096
1.262734951642253,-3.7759820595628297,3.6881018996423443,-1.1390264328754223,-0.4967002448398521
-0.5125712683704275,4.121108168511444,0.38706196051376196,-2.724812335626562,-1.1397802096959393
0.08517640046260677,-4.3341962078862855,-1.2941240803560428,-2.12510419985999,-4.032588807325659
-0.6807720135244493,3.9230118285692477,-1.4939981553596775,-0.09815420552313103,-0.5426523671246866
-1.0834423892756675,-3.384720077045848,3.161925163737112,0.70838555008087,-2.581595694828216
2.845591876480068,2.371075879904034,-2.795587019082581,1.4446814096228735,2.323506075838755
1.71396168684271,-4.93318635386752,-0.1310185378605544,-2.4669241077012085,2.5537933088971503
0.3521112512696343,4.140709625494031,-3.0501119131167904,-1.744266240457375,2.7581811262086138
-0.8797145793590939,4.566038402179964,2.6589245633214347,-0.18372530172386536,3.5510116395575793
1.832911792158587,-4.1040387703463095,-0.07498593298537859,0.04678065543432153,1.9366032470528864
2.482059751519068,-2.9647275367907553,0.07068217765024709,-2.4041801624150496,0.01163832628716488
-1.1298162925002249,-4.961596627317235,-2.3409995754961113,2.3741592933203535,-1.969391938631519
-1.8658164075148944,-2.9364961582153577,0.6476587014988775,-2.4511169061959786,2.1811860116408948
-0.42587490816626694,4.97941304643821,2.363374805033522,0.2663594652251309,3.814761115937973
0.7853563811649185,-5.023366326400976,2.9382500671968215,-0.19455642298670295,-1.8260631139714771
-0.03402361497765227,-5.28448834309576,-3.0862850516982556,2.7378664595084157,-3.914909687526207
0.8869557658601002,4.375802574039179,2.6126177703089626,-1.0989058013036543,-1.978297396001119
1.8130488955269346,-4.10674490555853,-0.7780566531924293,2.2877102933313926,-4.622722449717753
-3.0870476161198814,-2.4028910752795456,-2.9361962175712577,2.5875238798573363,-2.8586875748141436
-3.1231723907062934,-3.3139942186302465,-2.549385318909252,-2.593014202691412,2.9452299308634613
3.2093580217033866,2.3708704139881265,-1.546565616134746,0.5874413611910789,-3.011507013221544
-1.6638520131701053,-3.1811654220689745,-1.2737333130126567,-0.5040376031697047,3.720565065842907
3.2354595672409125,3.322993595550116,-3.0659162602330206,1.3053666357816436,-2.274371814030938
0.4625789583441442,4.858493294643941,3.809580192251981,0.6045217029777712,-3.080558331253982
-0.4616748908620325,5.125539577635447,3.70519423479457,0.4380030731196607,3.881809110699777
-2.597965359525607,3.8973472981379715,1.6304219213461888,-2.238019953752232,-0.8944641953355141
-0.4114351370276115,-3.8652872365865556,1.7118446809192545,-2.1040340007624896,-1.907741379537411
-3.40951030242873,-2.533102532660474,0.9152154293323225,-1.5593839151064317,2.884983283400988
-3.396593613828597,1.7394665875212134,0.40038584748092276,2.5536316673551385,0.9039869603740724
-2.3748227671047353,-3.964835641744659,-3.3341840215312635,-0.5138597455610894,-0.2867225939175375
1.3890133787085537,4.148779453531867,2.7904539650639935,0.9797496777825359,2.2025594127009978
-1.1983740412525936,3.694082567269103,1.4660291225758897,1.5781761563830932,-0.31586960480316684
-0.29834502239617944,-4.851039053599586,-2.812300126195815,1.066029880326095,-0.5506574903894332
-1.2968331192795244,3.676101356292703,-2.7612832120406106,2.0408310034371713,-4.365883723938098
1.4261093108233212,-4.1989935968060825,-3.060368761691551,2.4115908350979796,-1.425271546169658
-0.019977826197209225,-4.318017480718313,1.5789129714191388,2.507666650666957,1.7764857617255565
-0.6209159310531271,4.518220037679143,-3.43365340503638,-1.6961141524402434,-2.2405053000750463
-1.4756769094901827,2.5814161660954,-1.6195380448990244,-2.8253479148047314,-1.4609312079777732
2.4609096809665667,3.9778333443795333,2.072010778947381,0.3322482942130316,-1.5124857458377896
-3.1077148613936156,-1.8465887971382848,2.954869661353114,1.588523851220466,3.5889146375959466
-3.4680917041923394,-1.415026317449208,-1.5891174688939342,-2.0951709192073085,2.769366603148362
1.5205167962561248,3.8787744082991713,2.4300421035231725,0.1463299655814314,-3.3130966676041718
3.41652121958131,2.713556122430956,2.982148017759398,1.0422476578748636,0.18267259839186156
0.36419790264982055,-5.383173648101522,-0.3954039532858564,-0.5462394943989999,-0.22102502404361601
-2.2621229368589333,3.1636681143548717,2.9648685153029293,1.476607620497429,-4.4037699593332125
2.336474819652091,3.675572197762289,-1.8532354312596429,-0.17151198891263686,-3.8345481893404934
-0.7858179903752349,3.0098061234439917,-0.9712352510564095,2.6854842013588645,0.033044946630743866
-2.45005409149556,-3.6461064152471656,-1.0246793030856134,0.04178446118270385,1.3485732867116909
1.011479123186219,4.050088774849091,1.8224950105886606,-0.4648996939500343,-3.57436593784713
-2.7116101490273143,2.4286183080247694,-2.847208079869323,0.8932285402318749,-0.5564241294736432
-0.5346656739096813,-3.1650029624122995,1.8005335862528336,-2.7208927088535004,-0.6329548956828646
0.0015635300316363399,-2.953179875573184,2.97155079285331,-0.3953311754895985,-1.6302439174656733
-0.25135611348506703,3.4144936083958384,-1.2164625800061684,2.5614951127445442,1.3247694745235474
-3.294231677547372,-1.7341949206544554,-0.4822955948243308,1.6009443707523037,-1.2590248698502275
-3.55700560017691,-1.436131138348481,-1.5740554906110544,1.3635710073864145,-0.06552378495076905
-2.859476429078277,-2.2703976937924493,0.5898893821519637,0.4820159772321748,-4.266624382210248
-2.054666829462456,-3.772216304740907,-0.44528459667763176,-0.6298454272806566,-1.2682316934553408
1.7182944963841447,4.288498459168532,-1.498955358820707,2.448579369188269,-4.113154019630601
2.9587261758117265,-2.615446697714429,2.3697040438936927,1.135653725732631,0.8811556497429196
1.5188963890595408,-3.1939635183984856,0.49563717879044056,-0.16931679473193562,1.8774483828671782
1.6455145833951441,-4.243202588605931,-2.24093732821442,-2.3428336839562798,0.5015472923360056
3.5933760111200224,1.9941088722823122,-1.2855218472782575,-1.437168403344734,2.461288956923129
0.6366140744922983,-4.837124477733399,-1.4831153655840117,0.09430122566145327,-1.5632597151374998
1.3712817584725423,-3.8519641191056793,-2.080292924888166,-1.733764036031186,-0.049855834569244806
-1.1083984227950348,-4.297894556229237,-1.0796685179493366,-1.694996400204618,1.8381527992306674
-2.835048443989849,2.5061055982986455,-0.06716440246319433,1.8836194460193418,-3.0397238345322464
3.281547612334635,2.5291529369648855,-2.5658349191904506,-0.4553216633029673,-3.823081642997106
-1.357422685819416,-5.299876284592133,-2.0559809972892333,2.447330341284843,-0.7468118411733089
-3.5013885115256596,-1.5583745427589695,1.2455613403969101,-1.6673009585067442,-4.361583405629284
3.312100523005922,-1.5849638883759998,1.0241202826391218,1.8331190609024146,-2.8794254065722433
-2.1465526110188193,-3.4712687411471297,0.6187617116366564,2.7999866272391944,-0.3380136590489329
3.878534150448921,-0.7032555036119619,1.4403568700691567,-0.9925140712284541,-4.849232258190472
-1.7109472564948325,3.534477374405105,-0.7023124116548116,-2.9314063506959407,-2.7570377781609046
-2.991011130590824,2.3277775151747213,3.4200213638356853,1.2774087490499282,-0.3426855711876078
-0.21231073189939664,2.7234336270311674,-3.6024629683034473,-0.11856081945149644,3.185916927710945
2.911545757186479,-1.830430741281039,-0.9276942295332562,0.08564746937131895,1.8885553558960444
-1.5638074745691748,4.202844800128864,-1.3676386860728247,-1.5590849600345518,-1.4184286744718664
2.5860839019167514,-4.854053437760806,-2.950937200269374,2.1465045921497534,3.9609839257143555
-1.9346035367608554,-3.260121665298685,3.9227190937908727,-0.5769599999901733,1.1967467053437133
3.112631939995115,-0.26350337205177343,-3.0304681071339026,2.1972984479820354,-0.6811517887552148
-3.149722951275545,-2.552756004403218,2.647077143276012,1.1266197136250637,-2.1537464624679137
2.10754816050082,2.460753112708944,0.10034817461873669,-1.1827557321314521,2.907355439462415
3.754590847087072,-0.4435411553366504,-2.134291818760464,-0.14335531400843715,-2.7276647927236755
-1.7843906579292135,4.150915093708146,-2.0645532842288423,2.700371109482629,2.157996350352743
3.581641020272767,-1.1900212084523991,-0.17986029130277448,-0.2291678775813124,3.1151659207475433
-3.029580459152064,-3.3812793394941876,1.8285619928765273,2.935785027341355,3.1185686265439205
-3.9584530297890215,-0.43847845416947323,3.5357249987653114,-0.8000948951969091,-3.546042114076482
-2.0569219168918202,3.2254100624736752,-0.5326144346621797,2.2162546464028576,-0.6113843444723166
2.364397349640842,-3.8925548417626343,0.07842420459680266,1.717690117670946,-1.351710794872544
1.3086256493747372,-3.578013751396541,-3.566405598399064,0.41269654246445064,1.9926685518837521
-0.8440088118734428,5.046249239430288,2.0457006394143242,2.0691647569123974,-3.5132471447686067
-2.593700610649919,4.314456745470734,-0.5617107129026166,2.308940460524191,-1.1243297490872757
3.332871149204119,1.94802195711164,-0.799633206963632,0.7714750923117037,2.2716153344622008
1.0541309367736362,-5.583631839333647,0.1307033766430692,2.5270331224163742,3.8482534536026236
-2.500393607760871,4.005856552411263,1.9004854798064246,-2.828306955466262,0.8489427414649384
-3.765689598596258,1.6103739360051832,-1.9206364461811436,-1.6868620653116435,-4.3260469290942085
3.102001060613717,2.723787036283776,-2.0592233521463967,-1.2984442323685481,-1.132235911774511
1.0809452744739447,3.239521154036993,-1.460861440937931,0.7486277975372095,2.4515006242725796
-0.30237896484383775,3.5832315535895,-0.7748608796432075,0.5508895752102108,1.6554486101189836
-0.469824494166744,4.5434349238919784,2.4095692629045073,2.3766434878410214,0.24287484507518453
-1.2533776208706886,4.6839442560370195,-2.558779624303062,0.559893645051976,-1.5120007963995294
-3.9303251427183747,2.362967002848094,1.352451314072587,-0.516646778434541,-3.258246040319115
-2.8812419902652655,-2.1703571021045676,-1.666627991040663,1.6037812618470086,-3.512029661535081
0.8034972710008965,-4.978276488766195,0.14000931607281863,-0.5257055404112378,-1.795048787927949
0.9540252460178129,4.91512920105629,3.735836333198134,0.7145922770799995,0.5908213158641056
1.0276145768923177,-3.0355290681539477,2.763171945726225,-2.5323675168737028,-1.2198483044636426
-2.561762331951896,3.46691603480825,-1.828727148981133,0.7731262150949485,-3.9068027243445034
-1.3556892142644985,-4.505137471379987,2.835088596414674,0.11555470603425633,-3.139289055990011
-0.3938657897438054,-3.097424006766606,-1.9322829402875126,-0.4726550456047365,-3.9639415249401084
-2.8659842460744596,-1.9750451370629643,-0.03819372512757191,-1.5945563108153389,-1.949740821239161
-2.2796188912367095,2.8158584565781575,-2.192466894872342,-1.7407312016713434,-1.5753065727664044
2.150058888396436,-3.1156451229959896,0.6836733824432395,-0.9183533853429688,3.9864786673115393
2.451522813011419,4.042276109088643,1.3913856826957556,1.7231797759408423,1.6859889102195336
3.1171658345410975,-1.7796694693015631,2.4808835555872735,-2.03102684492971,-4.549564213940487
0.5760597332736346,5.144544989798862,-0.6476272613293066,-0.35944930191615043,1.4997527931311065
-0.4628346739939042,-2.8504635827963822,3.34026145075406,-2.5444927579068306,-1.1074990059896361
-1.5858786141695278,4.212045514875656,2.589058419509535,-2.993794489901178,0.003691838730786934
1.9769508167469647,-3.6909894361043145,3.605939598831667,2.6715048055648563,0.4567115354544429
-3.137597952239015,-1.2235433636302508,-3.9809550176565507,0.3678693068021288,-2.892303532549131
0.44858370597344344,-5.514806026304222,2.591114249815064,-2.4041899023770075,-0.3635723916408846
-2.9365523341072812,-2.4711936438642077,-1.8184290994294683,2.0433484954529595,-0.2438596898708676
-1.0175218925493432,-4.272805191179116,3.6412084108015135,2.429717417863529,-2.3846527050102693
0.24287973682038277,-3.8103027864671803,-0.2748834472392252,-1.1205528910691829,-2.4038914783470076
-0.5068297520548768,4.486636180037117,-3.5608748465363584,-2.9858872019062974,-3.3818641135861296
-0.5113497585662978,-3.341000233675733,3.93301312699369,-0.09304592672632506,-2.851651510719077
1.7741635533588784,3.6849403874371873,-2.312353932076288,1.0532692731069373,1.4737396969433885
0.07418449054295095,3.9496474295160606,-1.2319133807233156,2.756369762993762,-2.8651890181404105
-0.934339155445417,-3.771145479444148,2.996130562048884,1.1000046667861785,2.0014700470187083
-2.6322201037011013,2.601297790863785,1.9822690119265944,1.8754762513921266,-1.0700337014368992
1.8813187787269872,-3.317964576797186,1.9416930551181713,2.3890118311647015,-1.9035291435629
-3.5602433291969104,-0.6996754648979009,-3.7039988241859545,-1.9054694489511892,0.25780776275507034
-2.3875597248389795,3.1686440554754474,-0.07841426519207673,2.887799330345822,-3.554836026514586
-2.76193732490641,3.224841548571023,1.931744059926153,2.5834586261913133,-0.19797915615736894
1.7116196191586273,-3.8073867995953616,1.102996972479965,-2.651154308355495,0.6578807832436837
2.8582244108285044,3.613979585546839,-3.4390185356727585,0.2863575476372784,-3.165979494626569
-3.4428967094041276,-2.726397014135248,1.9780663395261637,-0.9338858994629335,2.151443968907646
3.9013826492499284,-1.1917339990571567,0.4655267029946293,1.2385372457399155,1.9053852522078891
-1.4861096030580052,-3.2613084365603933,-3.9984923469332827,-2.1381883022937527,-4.1880380535393185
3.178098530023086,-1.2213295375439825,3.478461752839986,-0.9401387744582705,2.152878011338328
2.1247308028068,4.459523078076771,-2.914939805913865,-2.183979450262598,-3.467760114486829
-1.8988317036565956,1.9716489092391374,-2.0518012542782946,0.6172906763172001,0.012041347782266953
0.893803623636396,4.081952946166347,3.044198140446083,1.210072473837049,2.952271702570523
-3.7160821299293962,-1.8783691601701482,-2.8130799718023596,2.7971564308024464,-1.9542361898356666
-3.0971191754673573,1.5234788666575074,-2.158309486220932,0.290318841394797,-4.002375033227017
-1.939642009646347,4.868885709523035,3.1515470757563415,-0.07101330192323463,-1.9296594098391395
-1.2111027344970235,-4.2363483394362405,-1.729810811543345,2.0156602564598494,3.46349096588761
-0.04840178703754461,3.8488397108874914,0.006899517109559383,2.8652359068314643,3.686589275309613
-0.8975728262723957,3.9044849682245877,-3.3583167593530945,0.38226518488291594,1.4362447568067491
2.31372447011383,-3.419713305452476,-2.049305974610899,2.718022827707352,-3.8406392950043897
-2.6841545712238366,-2.648460689641716,0.5529227541749515,-2.8099902090351785,1.570131151865617
-3.694588530398909,-1.4139286429680764,-1.1127120393502627,-0.9325510588509269,-3.8058084544432758
-2.0986801779040496,4.20219933015648,-3.9365480897199037,1.7556450161799457,-4.673261702837467
-1.3649343758670511,3.808062653885976,2.585872613202799,1.5247600551039318,-1.6779197089681364
1.8342420941914996,2.074823961256172,-0.6059319002525267,-1.2640935584568278,-1.396926061460658
0.06823498844593967,-3.3202134754675257,0.9423501309206372,-0.001177051768625148,-1.152994156325736
1.4468706792130384,2.6504351608403836,-0.2608522410283767,-0.49752704556009775,-0.20874307039416884
-1.9715454374214545,3.7323407276954232,0.7319258517288931,-1.7750515013249277,1.046574099249728
2.837600343092281,-2.8051109965204124,2.942390675463453,2.317523082792828,2.890736035867393
2.5532490447653444,-2.98929128492036,3.701549726763716,-0.45604225588302416,3.9108894122541855
1.625294148098165,3.4490370298944244,-2.835396385753623,-0.70344907246586,-3.1839102685095875
-2.0505386994560526,-4.366489180361051,1.9157637111501904,-0.5413757145587894,-0.7746654867595337
-1.2819203593505613,3.433435098921211,0.07471795231924272,-1.8406423218168109,1.76342562986426
-3.5514612308390383,-0.3538328875294021,2.745798174874131,-2.494762552650361,-0.49814097416173997
3.169804890015447,-1.5539744732472303,1.157630235755546,-2.132497018156893,1.4561151099936627
-3.746999621900854,-2.1957261303463227,-3.784424293365305,1.8583124433750804,1.0123115999729801
0.026320780922302056,-4.685337669574069,0.6330335733119048,-0.7953503488711835,-4.563601475838928
0.46400080430455315,3.040192527002959,3.993754113555412,0.5714789394134545,-4.00244087970328
-1.4424946762857571,-4.006337065779482,-2.4035640764281423,1.268835629329577,2.9207099992993815
1.8545622336646517,3.254423260173516,-1.5945147679367624,-0.6805236030718937,-2.597151712283763
-2.4616191722563228,-4.112458753874411,3.172000917038525,-0.32898412025698187,3.8968758249215636
1.9233826342009888,4.789776498970724,1.2778416563349895,-2.4856777754133814,-1.8769313491587765
-2.9016977895526574,3.066396339242949,-1.4038541993846056,2.251271747274857,2.348072027668759
-1.017864380459243,4.9706875612004495,1.7024264422459314,-1.3495818807361053,2.835139919806185
-3.825031722279644,0.740910929999034,-3.489790571706439,-1.074963299407338,-1.2967404719448319
-2.203759725051258,-3.87857649627714,3.2158638841846647,-2.788136248007568,3.306130395788612
-2.0944238820362697,3.150760648585341,-2.1881701436841094,-0.9575320683241313,1.7095891490959083
0.26673146827020844,-4.951555897921274,-0.80954290291122,-1.8978633800795615,-4.521805215568035
2.8316888588845863,3.522270735615539,0.386367442100755,2.412204772486646,-2.93088148000415
-3.9298604888149367,-0.7065261104461702,2.4531283743409036,2.9540570678803046,0.866361407736969
3.2644454314865747,-2.9899438809743737,0.3535527519353243,-0.6796706281226754,-1.0329437269513426
3.440463294566805,2.5879193808689838,2.85065862640252,1.4202433689553438,3.996387355707647
3.8004626833318973,-0.8497080730306028,1.5509738443602803,1.5892070312167945,-4.568742201937094
-3.9770948512854005,-0.8815956005650376,-2.770693774843906,2.2608186681502227,1.0823823225054223
-3.609121283291409,-1.2199838463362593,0.4923782774401575,0.05408334182014185,0.7393701802998098
-2.7942403976904053,2.84767515238375,2.3540904836056544,1.7839329858219326,1.711132855561961
-1.7755601731988957,-5.2680989792534625,0.463790445206687,2.489937177700863,0.06951043899030829
-1.6216259963973414,3.778068458778849,1.285209311900812,-0.017956534925669843,0.23682656400661894
1.5285718973278302,4.4189497785091625,-3.7938258492265113,2.754313615696285,3.4673956007869915
-1.0368218795490458,3.2902931475065973,-3.4914431733245985,-1.9382131187199914,-0.6511587669896555
-2.7240804789206443,-2.5276758699228754,-2.720301720956458,-1.878721878248741,2.8077310262421697
-2.053721012231315,-4.914538151940328,1.0763207587818027,0.12101879167210106,1.3649633753480597
-2.7962625524878186,-2.5955593829341197,-2.5271136271162886,-1.119251819202527,-2.6273607529857417
-2.394567108106598,2.5759628535840258,2.5132686448116868,-2.072026390153561,0.23005231646269753
-0.8664012508471179,-3.005054669286919,-3.6813360534281614,0.008408792668405773,-4.560125053163772
0.23005356179968928,-3.1458815154469066,1.4191084618792988,-0.7989940842498306,2.1408822361119766
2.3298252419520766,2.155545487520037,-1.8401592665240862,-0.019387120869425623,-0.5501780020946203
-0.7210316191972437,-3.8386337939668334,-1.449513511314728,1.9378602447755977,1.8705439447568732
3.7636731153108576,1.6892530043945084,3.262862078955429,-1.7980733247736773,1.6070547536329354
-1.5799630512548566,3.3473671639211044,-0.637263042467346,2.416540226491792,-0.6298341687192366
-0.8961300359139264,2.4071789419782754,2.963876660408534,0.17333814778475132,-4.216227998105722
-1.038901353593955,-4.81512781512349,-0.5159603419202838,2.6780510735054692,3.6819860349047353
1.007636551891328,-4.152779341589945,-1.2504903372206169,-0.909419099053153,-3.0225590780449947
-0.10933263935633963,-3.2868628408933076,2.959230030826463,-1.9558254947075702,-3.7698821834028795
-1.4774534946429227,5.134572233332273,2.0776299047703892,0.22259609277685977,-2.5199937337923752
1.5535449261108525,-4.173287432480956,0.9642526613291418,1.461721001601557,-3.808758739920668
-3.334043943958701,-2.04614679218686,-3.611723156173163,-2.031583261474922,1.0215685861420871
-2.0911635543421747,4.301861094467275,-2.49579716372118,-2.7911583698902316,-2.570084443844954
1.0381431271177233,-4.989282128202167,1.2411577593532073,-2.7966580067331446,-0.10533254839958861
2.2104709653994217,-2.086076833776455,2.8864884278545055,-1.9962706218789215,-1.119858954651948
-1.8152055247939654,4.27521740050692,0.9593601738728008,-2.2392967025077013,3.9165830987568224
-0.3059393755318123,-3.5510752008324187,-2.2046785777470026,-0.7065947053283494,2.1354284237428374
2.1692343416654767,3.004641679741204,-3.644320203222139,0.045214176876641865,0.8355032298217004
-2.7502483945823473,2.399998337796801,-0.09832324199879316,1.0514961012061441,0.587740044614379
3.049343661346846,-2.855852543452313,3.9377468880224615,0.4729952685747154,2.199361266103865
2.215621541174386,3.1516270858060125,-2.8570364315065886,-0.5847554073261847,0.9316847851397494
3.778324289107771,-1.0493992887329924,-3.950691171513715,-1.2176587124978373,-0.8712219736783808
-3.369821658153862,-1.0519784019888698,0.7001169332680419,-0.6361924080136916,-3.5985794884982765
-0.5230130858980333,-5.077195617982643,-1.6822708272594173,2.6824156558334007,-4.30800846155229
2.2148399752235424,-4.8285897796789605,2.5953923745216603,-1.8291836575412501,-1.7110884910601092
3.7960908618260385,1.0657816189211307,-3.244117775722148,0.7107976807810394,3.577343746433783
0.9481636476073598,3.0886252875063085,-1.2662008974176873,-0.12878471907591438,-3.6732981870240584
2.982649793168549,3.0388810415656016,-1.7922836546642849,-2.040583192731108,-3.8482501583017403
-2.558437353898933,2.7838075705846705,-0.9544657518461852,2.7962987768856777,3.3644646507523017
-0.43703901463198225,3.451694665112329,-1.15178436217498,-1.6714743765269704,-3.7427526055915785
0.45453208532685263,4.0033691559479045,-0.2518841576406432,-2.8003460043143056,1.1388742433776562
1.8574110221526547,-3.412205213062311,-1.5023478985063337,2.9925438185244175,-4.017000962450877
3.586687299567692,-1.2717336186132047,3.8489014468450176,-0.44757718742183794,-0.5283652294837253
-2.532087060239941,3.6804995778427916,3.290607363076277,-0.8658214121662597,-1.4652037552706667
-2.3466176853366703,3.346806422017713,1.26152733851365,-0.14435304208407373,-1.5111106080260677
0.791956971486738,3.4530065281660574,-0.5242719585859765,-2.864934027773346,3.3539430516619007
-3.690291105228318,1.6443889138555685,-2.100476482373961,-0.03156725284884043,2.1342234433138225
-3.0397549282822203,2.3397624427600237,2.0893134438774936,-1.8741384407354562,-0.09614263530897649
1.5553337516069705,3.43391256211396,1.9705414679810636,0.30364883707600443,2.786887082791119
2.576465590426338,-3.107613379930176,1.8728687993302904,-1.9483177821073638,-4.834680386075673
1.6226237136231694,-5.012956280636715,1.7395999091116785,0.4644981242707149,-0.6911410973004015
-1.1110034705013048,4.806173706596716,-1.7953931150508051,0.10704274596418317,3.3450411170302274
-3.668176492567926,2.6685753945245603,1.7510044940682015,1.6195287289377864,-0.028328797988013577
-3.671502704255202,2.8218958139585606,3.0297880880388686,0.5267812696117375,-4.33340399448651
2.6073758139560494,-2.4735411553537934,2.0364899972569566,-2.995468399485303,2.306140173436737
0.6531803524358875,-4.750781615123341,-1.929860865954418,-2.3597369913400823,3.726685711909317
3.5514863902780958,-0.4904404846296899,3.4133416166909694,-0.22933477955151726,-3.280695610790224
1.4096905252475889,4.610821670677455,-1.6946566156621277,-1.2244725467578128,-1.496988416761642
1.3470521876677735,2.933402488718155,1.9530584088889231,1.4089253585382506,-4.83274606401071
0.8585860055757397,-4.786920449222743,-3.027898915205598,2.8394966458639823,-1.873054024719866
0.6350660262958021,4.29684739439111,-1.7394547082204177,-2.153784446594855,3.0527413612910586
-3.332816821115963,-2.984461130928068,-2.4437232367051296,-2.429017909305057,-1.213696726575384
2.247478995945193,4.087468334718758,-3.474006293775288,-2.814365381653616,-1.0352690883331332
1.3156031318747905,3.1407950462609873,-3.2197033798788715,-0.04327460997197097,2.0751164055059643
-1.1339536086059834,4.542298553435244,3.512705318964792,2.5586088115784893,-4.116651999810962
0.7376581931380688,2.8557342077592436,-0.07372223528013766,-0.7011196426250113,-2.156462036618945
-2.959140498640979,1.652745430316987,0.6892627837707934,0.20697566252472832,-4.255095053936592
-1.1323620290005438,-4.7877542643351765,1.7152897433945293,2.676576833768258,-4.942087174486668
0.8825487495914315,-3.526209914536115,-0.07341795567201093,-1.8703337083581526,-3.2205667372673763
-1.2509367051634044,4.599588661393927,-3.235431709423173,1.9007610774929802,3.7780089133989243
1.9795606451846792,-3.2885125167927844,-0.832829960856837,2.723253417997336,0.6636368108890096
-2.9028964184250237,-2.643943097588889,-0.5572968826516194,-2.6227245442202585,0.36714016435343666
-1.2602034142371004,3.641782401006336,-2.4471960517049087,0.7104353941769972,-2.6096853226745074
3.9390044976906387,1.405828255475487,2.413040739211315,-1.5293799797382763,-3.304316562799312
-3.733348251690763,-0.6632014986810958,-0.29708995992875487,-0.8400047687844614,-1.4455280091028664
2.8544179028214227,3.370789851432347,-2.419342138440501,2.7030337803615625,-2.984017879555914
-2.9501573162335406,-1.6101613062302715,0.5029274781827979,-0.9036635763849574,-4.506432095276606
3.672551939539977,-2.598338093076719,-0.8444714791584707,1.389476137366513,-1.3277160122786178
-0.33491302285011937,4.215330501776898,0.68774675561375,1.1155531216002945,2.1548431105413535
3.8844035489348876,-2.5363563903098907,-2.8583845803928796,1.6524685495584084,0.18138162482880915
-3.3216490197249477,-1.7566068655075862,-3.9074881823586436,1.0189856136141513,0.5620810428942962
-2.880095856970539,-1.2927475510401092,-0.41550233181136154,0.056489200356834246,1.9983687051688888
3.7636716089920936,0.9311860855296472,0.7065068726780499,2.595569180644703,-1.9426478702837073
3.4985128020482374,1.3450060031975535,-0.9100554020004497,-2.979814322796095,-4.1488547077468505
1.0914144387423432,-3.889023304236143,-2.2179980397409063,2.2282963574908283,1.6806500512319893
-1.3634064690396235,-3.89459227138376,-2.218495438604415,0.45203477796875724,-3.8162167587832876
3.039855138776666,1.7134764811071828,-1.1241925247876559,-1.6865039821421415,2.6681540842469014
0.2508678540601954,4.120399836643113,-0.29346769696937614,0.1239073649128799,1.5053436947967382
-1.2225129747356318,3.4130412307938416,-2.4981138457506304,-1.0644699149121044,-2.847122446436508
-1.8626543992699505,2.9550181046295343,2.5645551225483096,-1.001360383232954,0.10790875349293039
-1.9949410461326682,4.114541588522788,2.6680501358299153,1.3688958240515081,3.627408387562925
-3.4438448635818064,-2.6202410964515668,-0.7923862785840381,1.2889334271522692,-0.8790186287553441
3.099797615891643,-3.505638411586589,1.6960570367158612,-2.0978417382299632,3.9949467033397497
0.42882890028777965,3.990061361232174,-3.3382930869667087,0.4198791764253911,-2.9585825933810326
3.6342776800297507,-2.66526670041282,2.4360816508622953,0.7047271391835706,3.837032854058661
-1.5172614731584737,-3.1821962246115456,3.2225317445982338,-0.2485953385675006,-1.369001313000588
3.0028390584177043,-1.441831596471611,-3.407483415575342,-1.6889638444279396,-1.393414369858014
-2.008904158894663,3.22795481004299,1.690558469403296,-2.969524024928031,3.4272034230236272
-3.251001473338806,1.5541061836066496,0.6298159622193564,2.2544299394176583,0.46363970497175
3.8258705851133223,0.25207903170315893,-2.35845063742979,2.67548865346257,2.0907585176739065
1.3870580536620167,3.242982446202106,2.43817820019545,-2.0242604830544098,2.181433909249213
2.8460396611780236,3.791265732400812,-3.1063101325386713,-1.2281053204663481,-2.169728877900846
-3.2420309011861326,1.9332715199261645,-0.28435332287746373,-2.8838434677202915,-2.5350721801448475
0.3972876101630147,3.92626672664717,-3.266488570567799,-2.912149148161114,-1.9592569662762296
3.7036460724057134,-0.7011587563231656,-3.1268903393735457,-1.6054297430536384,-1.6793136766426482
3.2728438658429644,-3.1744919500985653,0.34179534207294804,2.858406600442966,-0.8937521852468535
1.723470628540186,3.551135318148446,-2.810532643311441,0.48472557888920154,3.0784261513983715
-2.125867485131244,3.4808405481528446,-3.015268233566604,-0.2740698006450133,-1.270824964872396
-1.990272682480411,-3.4608998153422625,-0.9977344437659248,-2.130537248494436,-0.9357961308828147
-2.3441076987277567,-3.0784035366597218,3.789811570628168,0.04537818854462472,3.154810780957245
-3.7247517184195438,-0.7158129490367381,1.7571849637470613,2.0008856151427192,-3.3948363129964143
-2.192385569265026,-3.8299094643438982,-2.9870218674075204,-0.0634027046364194,-3.5530872956220647
-0.0832634666108456,4.428064119006775,-3.4281270183643358,-1.236057235922542,1.132899691081386
-3.7175891747257177,0.8175078799203672,-2.0842249739959984,-1.784496367378008,2.873799260644354
-0.7518896818357446,5.080211028204758,-1.1006133885707765,-0.06238596663521623,-3.5420360845837267
1.9533125538666631,-3.5351150758436902,2.3157148428090473,2.743959103099211,0.6561348480169933
-3.8832977179893318,0.4681833525090963,3.679204830808014,2.5034414928337823,-2.482381924774818
-3.0695939242834944,1.3529649161663864,-0.18545688695768092,2.6024901605933364,0.2947376159790531
3.342226823883169,-2.514486711866219,3.5676196175586847,-1.7416369310951327,-0.2862381411358612
0.42827247660795376,5.00571300591845,2.9848450298149816,1.4989271860849236,2.789604869435191
-1.2673001332642766,4.44349105015839,-2.6889247533364564,2.6153373402927578,1.6473402018284071
-2.626005817174832,2.5838409317791697,1.0056284056739333,-1.9168170677072895,-4.958630214059767
-3.2560508063406015,-1.828074079268017,3.218537456157165,-1.3862547151173594,-3.4381811034375103
3.1974799084407506,2.446831521777936,2.343603299809798,-0.5366586306761851,1.1154048000228993
0.2349859006859223,-4.33806759093302,1.7597309868508857,-1.0826348223210454,-4.970304675639406
-2.991061370941111,-3.3752602356469272,-2.3802378779004822,0.4748322782961578,-4.793718184422594
-2.629797295338456,-2.3294007440857345,-0.4270096374899621,0.5658464881205818,3.550270287956751
1.080677507008355,-4.222942074085072,0.9156563144783139,1.2178121177688848,3.31080363186288
2.3315467785298516,-3.199017962595509,-3.99056513939866,-0.2039689188200695,-2.4298514100639608
-0.9070570125629889,-2.570732385686191,0.5874070268219826,2.2019089057327585,-3.3032118205562107
1.0493686071482946,3.3042845834503582,-1.6456699324019546,1.379225030623128,3.2310294348993978
3.993350542565948,1.1641424444058093,-3.552330127080487,2.0546747014840285,-2.211524182250731
2.5456985249637496,-3.0007143205785884,2.0692955982489885,-1.469910762422448,-4.4785290736558565
-1.431694840533666,-3.955987320605428,-3.8163736385847598,-0.06031000534364672,1.8082007474019965
-3.074815933483115,-3.757348146546832,-1.6582350021321357,-2.261401857445404,3.5217371391713037
-3.2265623351816135,3.2749192314496045,2.895610703540954,1.2215778592266622,2.3995660993020875
3.870631097511981,0.08076864740532841,-2.955612456529048,0.1827519193999736,-4.884902371284279
0.7359375844261136,4.000779427218842,3.3574491450673083,-2.402163627477229,3.5954404197814522
3.1528536026891016,2.098926218017456,0.22998880864554305,2.28691468352757,-3.9020583892433036
2.1132055969447876,-2.81311735526173,-0.33626349050541116,2.052235806581879,-0.24521754526256334
-1.4720356319818269,-2.9202875547373877,1.4466802882752514,2.3691390950887463,3.159521893118937
-1.590635558139418,4.634877786124235,-3.2439181963070327,0.4789839422981865,1.1137704963157926
-0.0920843927718602,-4.220080851741792,-0.3111739923327992,2.7818080002840944,3.2826250351629707
0.23345987223864473,-4.862592736094018,-0.7956688224808444,-0.7321030913792175,2.569307645104603
1.5941119651828695,3.19103208823583,-0.72960879796344,-1.056979752184873,-4.169982742421313
3.379215713568419,2.9642745091312075,2.1813081445670184,0.9145837017952596,-2.685613136681842
-3.529436677919402,-1.1823531326822694,0.9847854346094431,-1.2893568133483757,-1.6677999379372768
-0.8186548045472941,3.4982124490689275,3.1495801268606067,-1.8321003677298866,1.9539861431996375
-3.328675925886209,-3.3095284090323585,-2.066825613893368,1.2075180363197102,-4.523392448296825
-2.280310232378995,2.7109854800687394,-0.052461932659455535,-2.289095113359107,0.35218681039686217
0.930023900859795,3.7625013303137393,0.40874551153924443,-2.207081301264219,-4.998364136525994
-2.5567360550676828,3.681089916634267,-1.7441697460657055,-0.3380221827227592,0.06913214268788348
-2.2453880422783676,4.611373200006442,3.441146484929174,-1.1113063133138419,-4.981773918494013
0.02151635057618062,3.061215235669849,-3.789021525534097,1.6834324006215908,-4.540251262219257
-2.9662173273841956,1.768697204655032,-0.4578029610234573,0.11011244064522696,-4.868975966786888
2.8081960127214494,-3.4079986041362367,3.368046872087765,-1.7284699404151322,-4.904094742000508
-0.20856460873853866,3.5263225323332685,-1.063563444244827,2.1389267707234607,-0.3655146008962902
-0.12415464531086062,3.470940660120621,0.38786282855762977,1.8077747430628692,3.8755487623707996
0.5595777164321101,4.150033555040995,2.91277798211107,-2.737353988978889,-4.3848267225859585
-2.852181051320474,-2.8721496141577774,1.5098725675117022,2.532248785405799,-2.215407013986914
0.3266743922510216,-2.988093661984568,3.345226109171101,-2.5659636450040653,2.1672451040838947
-3.6363887964143613,-1.5285515652542943,-0.3159848206322353,0.7260505550127068,-0.9195833055462268
3.9634407172966855,-0.7449191246884151,-0.8856210154449133,1.4088335805190333,-0.291590653721169
3.578518518678176,-2.653110423519946,1.3829607844263485,-0.8643959372529428,-3.3434132375640617
-0.9685790195141495,2.373027283156725,-2.888535013651577,1.3113111083239106,2.700189690993967
1.0897560447223436,-4.132839282595745,3.853726014865491,-2.6448607503415067,-3.9579330620797366
2.8082168806177616,-3.5581138554407725,2.6280090527131277,-2.057062079245816,1.3327896983222924
2.843735777848364,3.8795184869851496,-1.1304888997665916,-1.117931227474222,-3.6134923043423095
3.5487548937109654,-1.368063227538573,-0.35148547460154855,-2.4194214993544145,-4.985756229762558
-0.37659436241731026,-4.038719781870184,1.1345026780355,-0.8328331714805497,0.34027982346900476
3.0605306150417437,2.9375566132677267,-1.2402599943891914,1.3436130571967615,1.3375586649447175
-2.9157713482836467,-2.270950747979206,2.3402882544535633,-0.07663208877719097,-3.5966335726198437
2.8940902026576145,-3.371071133072097,2.656460390294078,-0.6310769317078222,-2.2282891371343196
0.4042698596498706,2.259738462055263,0.642105377979937,1.926011091864921,-3.9448334021389155
3.255699563681574,-0.6653275571432933,2.959237692332075,2.53346377559435,-0.7388333477475406
-1.3623061096149716,2.6848249213504425,3.1179350021235575,-0.462218716581245,-0.4354478101188324
-3.5806309873986706,1.3632820304001994,-0.22657176663965917,1.559334053318313,-0.9160047405926113
-1.9386606565021474,-2.5107908350740162,2.5174359891645857,-2.9804282209117705,-2.6907064045870737
1.4162109140528463,-4.421570169431733,-1.3101904117351157,-2.709431937301688,1.7974164307336817
-3.6025961837997524,-2.199691654487961,0.3441780282205089,-0.9877137443702386,0.9231077390391667
-2.93229830397497,2.73750749313824,0.006699119874810755,-0.7077536003431839,-2.4559456004691813
-1.5357695949087802,4.79191750245301,-0.8500137822307039,-2.9143870731052317,0.24951699582375753
-1.292853798229988,3.2478875642503278,-0.7848732751153982,-0.2808836933033536,-1.7087907871115973
-2.9368973434786803,4.124963881257872,-2.9875387929384223,2.485731667532768,-2.905061676863359
3.771478582518472,-1.2652577008413775,0.8840007540874053,-1.0358391362284225,0.8738782435516184
2.7967479261122667,-3.1660995506791743,3.4486579804209363,2.205492688195374,-3.6398891044067847
-3.8404085433322104,-1.8178345706862022,-3.9269706064688794,0.2805178492291267,-1.9093093020372804
-3.329971550248218,-2.035923641610483,3.121732022653876,-1.9635358105358516,-0.6122116377839255
2.535559848021249,-4.145740293098706,3.668952684385527,0.27498289924290376,-1.1707628605797469
-3.821527425507652,2.145279782142432,1.2151129014515556,0.9004917680956863,1.9189116694560404
1.4595978161983636,-2.720572287536506,0.0034556823566465056,-0.8657416511248925,-3.7065324433168363
-3.1128677430014013,2.8831204960667223,3.5481021817338174,2.909054334575595,0.2653913749948016
-1.3749326351935327,4.2254015357191586,1.7945274588439606,0.040718683875068606,3.2709196139769112
-2.0114047509870074,-3.586125283361138,1.041870333305102,0.15114090242188194,3.3903749649139865
-3.722640604367503,-2.7327682841293854,3.5228313554675657,-1.04548924247078,2.9653857388229943
0.6792219350517685,5.042516608086583,-3.8072162719330063,0.11502841095068028,3.9561627454316213
-2.1394669725646436,-4.851852830414034,1.5148063790479132,2.9310839892638736,1.2879950272884422
-1.2603210033670331,-3.596513777523996,-3.4151551136356995,-2.3044568713254705,2.18031233301475
2.3562072856734275,-2.4664991200952935,2.4624902811887575,-1.6660774021007012,3.7198591497980154
-3.672369652055533,-1.139904820105655,-3.6723545599541634,0.4663675951529127,-3.0116982428633636
-3.998840741048629,0.0018910981671407118,0.5795368967091719,-0.3238652637276722,0.6313303034334226
-1.445880206283169,3.739094396863682,1.145351714351742,-1.4089264954347949,-0.2209596898741557
-2.3265040557280265,3.965204337239222,3.7241841575098418,0.716590049818655,0.07539587059844344
-1.6622823504091082,-2.282995303783358,1.0475363316540074,1.6355566373727646,-4.270368919790467
2.564021847113496,-3.3886331473002618,3.267993844076872,0.5239025736241469,1.8546115569797257
-3.9895645778330797,-0.21919411552937063,-0.06499284186887166,0.6229533992123439,-0.9319011172301028
2.5685524243038707,3.2998097370718766,-0.11243219343063515,2.564593865868816,1.7892810319001118
-1.8782395861976564,-3.6711745379392373,0.3318918931301855,1.9571148276864712,-4.134353631949469
0.5647472616463496,-4.394395228630716,-0.2896039422523735,1.3469345077875925,0.9449466760960483
0.5389188739418573,-4.358904743746192,-0.023923353864758745,2.7621428911822665,0.03548922988565906
-1.7356461348183148,4.318474520773503,-2.791934096064094,1.0669982304819534,0.393198799251377
1.3686353901410584,-2.520546357915638,-1.678013863972673,-0.04589061590171273,0.11252412936765754
2.815824489506145,-2.537915761333569,1.701538608372811,-0.7892398921272861,-3.6403720523231673
1.0712119841628178,-4.775539645539021,2.361038422288517,-2.9445878404858528,3.639294041425851
-1.43901193058106,-3.7570257642856753,3.6072862173570828,1.8649575468516115,-0.434421442291403
0.12342236745552171,4.16810462955814,-0.7870320152540042,2.4265226157696524,1.622817099050014
0.4064794644807179,-4.199967804199552,-1.3392578948143887,-1.3417245722658622,-4.824536087409356
1.5654164669172,4.508013386231896,2.967468624827979,0.21318839209690665,-3.823719198353186
3.602414191140195,1.0108891506075763,3.303106039532179,2.6927690646792426,-3.0191540587166363
-3.0034049846132325,-2.746210889558165,1.777676334888028,0.04655648502929921,2.3073333568060477
2.5282915341143894,-1.7743223773719503,1.912637436128363,0.057795983957626085,0.34735257449162216
3.901906861406629,-0.059869111593741864,-0.5833012634107755,-2.848830992472976,1.6883925113576463
3.666547769767246,-2.2736909335895987,-2.0369775243037544,-2.6028839453365618,3.232204259886796
-1.0396657913745848,-4.858801279999352,1.1767672265028075,-1.4734645893451612,-3.756778051277134
-1.3984559253188742,4.119784522076679,-0.5352782814831016,-1.5681701623772053,-0.41319189378092425
-0.6950353141370682,-4.442106935043089,2.4480621619981013,1.9803330472612553,-4.506477461680021
3.789910331041085,2.8268606018760023,2.409137135349927,1.7775376094693813,-2.7647561760509216
-2.177377365878714,3.525190829712103,3.0111746725611717,-0.918462399700859,-2.951517621225256
2.1502454058263405,3.748685464620227,-3.9954011321173555,0.05608833522607082,2.9658507207856744
-2.0041734586782827,-2.9382462905408833,1.6313794779225734,2.137039554646462,-0.05179587257012752
3.5203366797489304,3.0021049263116577,-1.1642926944455647,2.3510901627553746,2.361397296323183
2.943417224499072,3.277989664199862,1.5007123381024368,-2.7657791443293656,2.4813020941792248
-1.886437621042405,-5.038441585546797,1.2798633418731118,-2.4241079231560185,-2.792196431457787
1.9270322121106185,3.8970820093723173,3.021126071714421,2.8439408020296657,-1.1256923427911065
0.7322671796637445,-5.260218304347187,-1.669176465503412,-1.8027614645047405,0.24885956848774615
-1.515761690991595,-4.048074327949577,-3.6109881684895218,-2.863353710885711,-1.384984241869473
2.4652040144648133,3.1899597493574814,-2.8728925629280146,2.5515908829309257,1.1748484674346011
-3.085522316439871,-2.083612136545159,-3.7764651258462614,2.129249051259304,-3.6630310440013476
-2.334133214960345,-3.4040879850375747,-2.3969038800290576,0.17436451394064179,2.651781031848448
1.3202605727891665,3.9083686550786965,3.6814112162318535,-1.017404315673541,-4.989865229552221
-1.5584827067398157,-2.261258943393795,0.38986629188872257,0.6079235236238487,2.7529384444235205
-3.047798310413362,-3.5486684525555665,-2.0492193899266713,-0.6602692902918847,0.00919808996455096
-1.3010728875131887,3.1345483415361626,3.0145644129342193,-2.4030696626981958,-4.100599803021019
2.321218432901766,3.1983431685919363,-3.7096622699434993,0.1641804626169865,2.058408564141679
-2.255115984337536,-4.117331787665622,1.5210171017472298,-2.1360618403642087,-1.901127962517215
-1.6700654582380379,3.390306150865988,-0.5525954497382592,-0.5812920442231686,-0.9695053207950339
-0.9994743222253009,4.709847076454834,-2.437191935919688,-2.8533084678198337,-1.9910446318960044
-0.11973366744987679,5.094287747974212,0.7153008858895342,0.42655567923703064,-1.3071204055327401
-2.9956704215837826,-2.004005256417617,-1.3401152588463106,-2.4975762015794274,-0.761784553880136
2.982650837357342,-3.307937534254978,0.9779230734360835,2.266542895336957,-0.07661168339983249
2.8959210179740893,2.1368537239696423,2.5425214644126903,0.15641722917332412,-0.25398225366342775
1.559463372372674,3.942435775654874,-2.458987850315662,1.493731269794723,-0.9587690881419482
0.8081209031301686,-3.8119611986678197,2.1133038642667934,-1.7765249396895118,1.8489580442736502
-2.022601965870254,-3.475629501287633,-3.047542722235578,2.9665334151004252,-1.7509205696291485
1.3677473409848622,-3.2242578175737706,-2.0358670294589913,-1.089272582026393,2.23167437662424
3.61652827138073,-2.767553213839788,2.374806920096084,-1.5616241280218497,0.8300377315429834
-2.8951634741912073,1.4082903263381565,3.3733363013981066,-2.1780857923642554,-3.2758713228812235
0.7158645709975087,4.3475258806464225,2.8562258158317313,-0.6302391718174696,1.8572470079788364
0.7818920252631685,4.946908258036467,-3.8690805497275687,-1.980016733759637,-0.26327028371046524
-3.1608846544767486,-2.92192516072881,0.019437773479054066,1.3244567819321702,-0.8449180203910265
1.9801174254982215,-1.8286523457313424,-1.3856506754078168,-1.4501686769847513,2.304707047902699
3.0528345919022293,3.822254901886131,1.90225505648944,0.5393011166957296,0.555797644938604
1.3182175155538207,3.653857425004217,0.8711287478600616,2.617797669295296,-3.634104206697383
0.9038573135970331,3.9008496386376317,-1.9275011770943928,-2.470946814113735,-4.084237086904981
-0.8070003357417841,-4.836077467497328,0.8239761962435024,0.8823016576027118,-0.26413544274698886
3.227831229318693,-1.9269735839053195,-1.5841431532453791,-0.29172104080099714,-1.4009645378775888
3.070236512134338,-2.239448030182933,-0.5038428109591848,2.8762920705182644,0.46281564534397024
-3.895281038745721,1.5115596762913253,-0.1806325105461104,2.30176015697966,-1.6424126364423186
0.1280809062373205,4.130800985010109,-1.950860080785576,-0.8075446510454123,-1.2354981554798536
-0.9410945477796355,-3.947658445862627,-2.691807511683492,2.8094893621837205,-2.6586000423308795
3.585442627254742,-1.6552115720417362,-0.474686667768748,-1.9563113011210254,0.6689098462337641
1.3167338855548971,4.046319559016527,-3.6826530186053112,0.6050373603545349,-0.22838168697837435
-3.7189765789609117,-2.44607963293131,-3.0816195868565224,2.9601031711554073,-0.5610845790493171
2.268613468890244,3.761412131590306,-2.7968208763666915,1.174918941967075,-0.6535462183472607
-0.23391825655403764,4.58000408239773,2.023359343718557,-0.36633469797302354,-2.0528521989175332
3.848091794721732,-1.9493894870596575,3.137974240552338,1.1512969660889922,-3.5847093574976774
1.3392034072948862,3.614987231814731,3.660306526909423,0.8710090227821103,-0.17394760788165886
1.0260907066627674,4.486062535548902,3.455613835106867,-1.9039243332405213,2.2467820934073615
1.196631364905457,3.31973176745768,1.3057460609393026,0.39854552124555465,-2.953849259028653
-3.670212254745108,-1.823805817224146,-1.3618179277832176,-0.7085129917951134,-0.6437796364728952
0.9312719657937905,-3.922910673816829,2.5609435785184216,2.8338289071981775,-3.2866752684025697
3.208360637212267,3.0742033134896376,-3.501564687582275,2.9182740268134673,3.155105340291348
-3.830408002151424,2.125212923749958,-2.090279146750192,-2.5000797772498036,-3.689403551878071
3.0263269487159787,-2.5514974589790596,2.959683854431365,1.2747332044785553,-3.3020239172952817
-0.15043097149698959,-3.8599072705045283,2.5081384885344384,2.6455740623838446,-4.251114421359048
3.329978178151488,-2.195438982475714,0.05877030263616856,2.9648961450472457,3.890163976731383
0.7780604070542507,3.869532675227692,2.1853105262993955,-2.4137830534727582,3.1078339722843094
3.248778277766018,-1.964393202353099,1.4562647266000646,1.571086708667032,3.054744084302154
-2.402867071898294,2.338634979127824,1.6561596573773238,-2.349387115891745,3.0504794489037863
1.463824498427492,-3.710626507914296,-0.320549445923918,1.0713700425176356,-3.2293382558908608
-1.5651036158763647,-3.5009724518032415,-3.039028398530678,1.8047279165097878,2.9879950893989307
3.1437702128212477,-3.0959807596751836,3.7925403844537326,2.9771286482770103,-0.17163520781547348
2.985972151185143,3.2787040496230673,-2.718026659048011,-2.234093600077297,1.5546554405942432
1.8292664866044133,4.1518940770033845,-0.8612361904682411,-1.115634623454679,0.7139704595912724
0.6157832405104973,3.4190825938857046,-0.5252576614554254,1.1888435859104316,-3.460785081505211
3.987348298052358,0.5869059747987713,0.34173748070866594,-2.955000258140439,-2.2698677865705914
-2.0141605057198557,-2.653046704574535,3.934770775885057,-1.8771023833284484,-1.2692047600624843
2.005171380964364,-1.6354140423514323,-2.2754569849945625,-2.2760745737113535,1.767986390881255
-1.7837134645199457,4.136040783455658,0.6814963596056005,0.580391452371146,1.9469162409672132
-1.2162117047451657,2.2906945395307914,1.2733545165067444,0.2077337643261421,-4.282158822334035
3.1382398926473734,-1.6209894137517797,-2.7691575379956284,0.04597628956741895,-0.30103232856331097
-2.4670294613761,3.729729012000544,1.791998018329659,-2.985386274576204,0.46943547600935
-3.4340147325622388,2.9956855039542307,2.247052344347656,2.754534828322984,-2.1545910111670565
3.259209920466107,2.6289863993833205,2.6097308340189302,-0.5365863091438787,-1.822970945557954
2.6990617450014565,-3.1331276328218247,1.0675832258736024,0.3817823124076014,2.007158074590653
1.5515299973955319,4.592210538772569,2.9273974291301794,-2.6100298653057417,-3.651162575992246
3.1258855584358196,2.2260385593309473,0.12633645211789535,-2.8889366994732613,1.6182089181745427
3.613145000430803,-1.8354005613406335,3.1031543907544155,-0.1761290547826384,-2.3060183693619125
-1.1724673836450412,4.090397522771305,2.6752954814337295,-0.9025726386370105,-3.240053483816673
-2.510255337090581,5.0311229286628345,0.35573969244520054,1.0729194594406986,0.6108072720518516
-2.551573617172128,-2.584032793324259,2.0949897937282813,-1.240395767237614,-2.3618026223483883
0.6582654529920839,-4.224162317220946,1.5418813282446857,0.437051077812721,-4.181851776993379
-2.3604467131735793,-3.7134123208875627,-1.4423394008402148,2.702500274693887,1.3278215438154488
-0.10052524174595234,-3.161597246584403,-2.086096626352452,1.924305580050869,2.855568302053981
-2.806649095558866,3.7800114482117335,1.9452184232135057,-1.6708987535284086,3.001752365258607
3.403807830344893,-1.3870349316350743,-2.317447316971603,-2.479916425326996,-4.419235720459809
-3.4701426016426042,2.25500810141107,1.4095785000530148,-2.2241038060588063,-3.4578388632628103
1.9064003189005225,3.9505426080666086,2.920008406592588,0.7383831976262485,-3.317923643681931
2.801197777303516,2.996487709251194,-1.073483610215427,-0.22912368175340037,2.0538036329109914
-3.2760667691550003,-2.5899573569668886,-0.7503324181576962,0.7366155494187274,0.6534799493786787
3.2579975578557807,2.4002397811628264,-2.407027353642585,1.7605986199826624,-0.6113263053599223
2.979932850854378,-3.147399416056098,3.088647605462411,2.719472214394364,3.933370686220357
-3.831166012416883,1.5636949647978358,1.1449884982413518,-2.919217990455722,-3.588888535725684
-2.7267449555205907,-1.9227634415763222,2.5268110917303614,2.8860195444805967,3.0818292503251588
3.9082719025483383,-1.5268438307262517,-3.4053488532994054,-0.3942672769500781,-4.9648282698536885
3.6642820364307367,-0.672971393295856,2.260978612145548,-2.5368026480851746,0.9404590869587564
1.7073381004726675,3.331887241197642,0.7525614174052215,-0.5631505181634124,-4.175050067370105
-1.4805494075837045,-2.700498742788886,-3.765815671521657,-0.5848796511386727,0.8279816393542712
-3.3591715115434297,-1.4705820873561741,1.075462174682471,2.5032007302241803,-1.4096935893089584
-0.04290517502465807,5.395393871563577,3.3812291267321353,-0.11475648917749837,1.482919319662786
-0.4188476487432835,-3.473564684011569,2.303091042892399,-2.5453938336947877,3.166302602734227
0.9312695191594038,-3.3357531609716853,0.3552114093197414,2.2594371342852355,1.913409915973932
2.6249632505214446,3.207099981608626,-1.5634714914202608,-2.8166156296278735,-4.738392822397344
0.10357568627136793,-2.9743751961613434,2.8272304690008383,1.6282953154524336,0.10007046904301475
-3.810496387448376,0.5586298549047765,-3.4840287866874604,2.359352514559699,-0.7991595222059082
-0.2840915967621571,-2.4773835744651516,3.7094903118717113,-2.911583874460735,-4.1844095200470175
2.566342349612831,-2.8050220921639903,2.499291200442693,0.31947919139750436,-4.817262889397078
-3.2256742115093093,-2.156091698943005,2.0995003296601142,-2.8764447311170036,-2.299981537148678
3.172789971555284,-2.4582789287069104,-0.3463344663493402,0.3897456156669614,3.0772215739983633
3.872303202198186,0.22548976606774407,-1.9253738913056475,-0.8494814710050829,-4.081710699109824
-2.061148425664576,3.3372087744201355,3.070523656559759,-2.298726941565896,0.7082347016626249
-1.93685953143253,-4.162812314975316,-1.7410280081934824,-2.4374689096010504,-3.7511259847920897
1.0489445127197774,3.8209869215817562,-0.2846356866554185,-2.578744034363517,-4.770073154918595
-1.1402662854264598,-3.7405018218420705,-1.307759142815197,1.9435879071386788,-2.589466947131643
2.396719060009305,4.263758182034084,2.4355720812593793,0.6681549374847702,-2.4653223425137445
-3.607834612345756,-1.4890820377178708,-1.3940746329580236,2.888592091471982,-0.4303323137689592
1.4623433273803244,-3.5206644129419726,-2.2959451764368506,-0.844357476968371,-4.012715789794606
-0.5787743151421134,-4.178053264267998,-2.318590511311309,0.7045731375455206,2.800383640635763
-2.9869866324115755,3.677611998451577,2.950126099421464,-2.4275649682185616,-2.09114132895872
1.6955908688226318,4.302344104629512,-0.25514309307787375,-1.5938734238222498,0.6138115249344391
-2.7726934717669867,2.014269980241722,-0.08652094414830191,-0.13973573081336932,2.469981444482084
1.7652912843993604,4.226377303667804,-2.0215034070791678,-2.929023773970523,-0.948229768013304
2.060341107201629,-3.1833824124995065,1.2663619722514472,-2.274818903822226,-2.0072217094040883
0.13464574618606395,-4.36708093892833,-3.165782080071538,-2.6098833329993223,0.5266545720263736
-1.2161077887253162,-3.860205974220883,-0.6161348261512618,-2.052910138948528,-1.7713927293502816
2.54331704864909,3.123273970712579,-0.39424545469344796,-0.5080559563990477,3.5211967398473067
2.41803751177527,3.6068086172840914,-2.776061100252564,0.8741795982847012,-2.7283663875932214
-1.1278514527680974,-3.630713321221648,-1.980105098495586,0.08583285979949551,-4.891633128837416
3.252286946466314,-3.0323693523608775,2.2287365018352254,2.1010578377602167,-0.8962402879147922
-0.9268656129921649,4.491043911027815,-0.2688360630585853,0.17086859344020322,-3.832067968634383
1.2345419662509585,3.4862419762483285,-1.0830077613593172,-1.6213394889376798,-3.6468879895946014
-1.1541659432403053,2.4086775182259883,-3.781861022144337,-0.8064152253192427,-4.211302020604537
1.7762254867812102,4.234784533693453,2.6813503076627736,0.12855516516713283,0.4653386256329677
-1.9942903320130672,-3.0307046549453034,1.3332903773332117,-0.23755000106994828,1.0713293583698933
-2.722217529139594,-2.8458610317020647,0.20626995845779028,-1.985119245396856,-1.9535122906392521
2.921149753298274,-2.58040884059135,-1.2450987026986429,0.49534492981831235,2.994547649772689
-1.382092346145301,-3.310748127428113,3.5670244029951252,0.3439403781218302,-2.8336964636533235
-2.824115582250336,2.983080602350882,1.8280826709248368,-2.0448260444496342,-3.507445183404013
-1.7272795051198404,-3.39295660400729,3.6868132523401638,0.29768749905151903,-3.2476450008149818
2.2974099077964656,-2.3268875883391993,-0.9970649606078172,-1.0055971954310288,-2.85703902276387
-0.6061013016003738,-5.029248977437745,1.1248335855158516,-0.10863692933706215,-2.12499067952161
-1.6361371700728347,-4.749565118363304,-2.5970878621284,-2.1689326807451312,2.285874769148603
-3.8948980858764317,-0.5006959058676318,-3.5656613770722076,1.7487432851268325,-0.9681632219528868
-1.3166557084017034,-5.065961409259613,1.2013835039713676,1.1436313781919996,-4.240517694655897
-0.5771177998612771,3.079213160352936,-1.7448356444142217,1.4339625451215117,-0.3888211123996177
-3.5112359057915574,1.9298541217004292,2.980148590916275,0.8735877554392628,-0.48238044933958424
-1.1972113602689438,-3.780774684885648,-3.248385295244405,1.935107017639547,3.020007006735785
3.438942808390146,-1.4733672444998942,3.3591960264091076,2.5090393956653694,3.7605570904402583
2.163730731545505,2.4814288640155064,3.973519855930766,-2.1555723365911494,-1.9826934620916465
3.4718105232322864,2.110770707579566,1.2518178776564124,1.6618645634108908,-3.569540434722652
-0.8734953039255853,3.6483120876098543,-2.895349022482568,-2.171538380805438,1.5331409671218026
-3.3838121171434032,-1.498098541512976,-2.2265598000363216,0.8888873999569977,-4.924587737799306
-3.981259603295203,0.5176629554446838,-3.507607346652323,0.19405258149889892,-0.405747619045858
0.6822603648506211,3.7426957031049946,-3.453297265269299,2.3359068312496696,-3.0228507821922577
3.865832649812968,-0.5913201494856748,0.27035164229196607,-2.1291040207033545,1.2087455946710106
-3.2959678648689996,-2.194979170573548,-2.5766173799881527,-1.2156875151273363,0.44635616318583704
1.7263711981602459,-3.452775727229496,-3.6180806532689216,1.1169550974773381,3.324002359568219
1.609625368077329,-3.2576031572466753,1.3668330721728656,1.2215864955912439,-3.4382021310541084
-1.4318958725427997,-3.4087647814052007,2.2326060372807186,-1.242817163955318,0.7263547394210601
-1.4890936021359948,3.764909924398589,-0.8919273712537583,-0.3462629466324172,-2.4360486477579184
-2.1201760208838527,-3.2087134330803453,1.8399463132568084,2.0920803178367153,-1.155281908206749
-2.4456476930506437,-2.547826750780297,-2.69820718852971,0.10346623650373843,-4.987374286836926
-0.1545933416763523,4.346013609178979,-1.5601597883989946,0.23793602410974035,1.5428330114030917
0.7787126415875951,-3.423797714235982,-2.5622906453322463,-2.61564153198805,-1.8785984053325717
2.2162375887927963,-3.4018587396565767,3.899021579206318,-2.7641225526770583,-3.917232770531439
3.0334247979278226,-2.8978006268160255,3.9041215766904065,-2.4917880183283545,0.7626220292956392
3.1096940453900475,-3.1293970034935312,3.4458324145050794,-0.46032394055724435,-2.5603367213997403
-0.5480575840251118,-2.2865114293941877,-3.1148720116543887,-1.6688243005292902,-0.47087935068549847
-0.6566067263196285,4.417919194022938,3.1456924445987884,-1.6221647337107357,0.5320712272747166
0.7142485014250495,-3.188205036859838,1.2970465599865841,2.1967937849520505,-0.07136067453456363
-3.173615251207467,-2.0713366076224626,-2.5011160248234656,2.1493607289883094,-0.11726420922454928
-3.000295064558957,2.72584262124134,-0.707123655760082,1.8018494843261958,-2.275867747350077
-0.891444087316664,-3.5545214326086283,-2.7331007817962076,-1.0846920303587995,-1.2868552609790562
-1.7507265177941074,-4.057879185644689,-2.322934254921665,-2.854545517351647,-0.1669608219390355
-0.3870301713490214,4.17381891513487,0.8228259279903245,-0.5527276186053691,1.1949559916641608
-0.4996922640068675,-4.32552782638352,3.511462335900399,-1.9061813414622237,0.04109412516063671
-1.2820115111041046,-3.097066807757784,3.098628112587879,2.761761008804376,0.89304330292304
-1.5795764624265498,-3.1830652152804735,1.8936957231530709,0.4973008916871926,-2.873638262052144
1.2803969564362427,-5.392680129339228,1.8652385375541636,-2.5322047277726623,3.9607631853088385
-0.9322912421057215,3.834983570802328,0.4535546909917798,0.9207432307880383,-0.14928221354223936
-0.7359858864161968,-3.276154872422817,2.6586269515583147,2.5120757455317406,-2.2361187224631474
-0.026874510042427247,-4.531629890497964,0.8467593360358521,-2.6337300816314224,1.3610022927312535
-3.603076907593226,-2.077345490543469,-2.815691475373586,2.3219268301288025,3.127449824400694
-2.4188994538681774,-4.134652255246659,-1.586423767968511,-1.7380959676786862,-3.7402829772306876
-1.3747847997293166,-1.9897019864966436,-2.200845548749224,-2.6289346120056676,-3.5952656110248475
2.458649463331124,2.165074806313029,3.511398029778153,-2.210154389856754,2.6449905841232955
-1.7082082033616004,-3.06204324484248,3.9103042851293557,1.0232138937592046,0.9819999694505386
-3.017095403820277,2.6510371619035142,1.076829700527501,1.89673873212318,1.5680227578202341
-0.513516894683109,-3.6868903889439113,1.399757193907866,1.5498961132899485,-2.6922694584478193
-1.2044889377622576,-3.350593169527161,1.123163467257485,0.5333312863977762,-4.677797793916779
0.23164550052534327,4.116048605696141,0.5993302078687854,-0.2870622703856096,1.1325971097939167
1.011667045415364,-5.187734719748358,0.26250456730107263,0.5285675328157922,-1.5605939131162119
0.48871698780943973,-3.8263824950650087,3.878271028936722,-1.570633440733885,-3.376483870936386
-3.9572606714475844,1.0721951180101827,0.05801692915553147,-2.703145626882134,-1.6593234810868167
3.5749212313627963,2.5406366342780453,-3.1639563886011937,-2.382303701986581,-0.5845779814985779
-3.505024773114709,2.6920424120721256,-0.405315761031388,0.7655980761373797,-1.3933647456258424
1.6590163078595541,2.4395618388583564,1.5857810426446672,0.374522884238778,2.6874581974764205
-2.449755031243707,3.7297286521987774,-3.894879320449874,2.730322975089262,-4.231361895958853
3.3467670459199708,1.9549561667668611,0.6331316246525223,-0.3795099833362938,-1.8452315951569456
0.02064905430035502,-4.304440200270764,-3.90676881270191,0.9311260924324514,-3.156438815878616
-3.7839444304994734,-2.659723519239313,2.0655647140462277,-1.4685782700536671,-4.011619417441743
2.576979284075704,2.637075602902912,1.5404973182077857,1.4867801866605905,3.063530333980614
0.5335502295433079,3.077519806938865,0.2343621827974811,1.4521533842114902,0.7160574249544265
0.027285814218076077,-4.026613410024484,1.846865969708384,2.102825105976569,2.423293951091096
-1.8357627256361662,4.773888591797764,-3.003139460577315,2.6596410391087204,-3.9912887988385553
1.6981491549544545,-3.6639345338731917,-0.2736996725026124,-2.2610760730144106,-2.5312246630788424
-0.67152028765988,3.114544955186645,2.595389102546058,1.2235914992242192,3.1213733879190304
-1.1748733508986833,4.002351955521274,-3.5328905861735977,-2.784333842991826,-2.01639352252391
-2.6521958260052543,-2.517153777304793,1.9786025870027961,-0.1059061050171497,-1.3141265538750355
-2.6131781370742413,3.6190171495429238,-0.09511903925388498,-0.6932076877054127,-2.02918131635174
3.5768502623489926,2.3567121771087454,3.7633434814253155,-1.7621080005674323,1.4173482926686258
-2.2054204066818466,-2.225071671696478,3.5791704655305523,-2.3661449469947087,-1.0335301692951742
-2.644759505224563,1.924926379682369,-3.1232700706999896,-0.41559659804835514,-3.745771840395472
2.274895371131495,2.363908993404774,1.8721243247715291,-1.3473571314264046,0.5514948304116087
0.1598488140760832,3.2186031284164014,2.0535481222738046,-2.0441853587817262,0.28457424657628483
3.3090656117493085,0.9820326710022149,-0.2621427019979796,1.2054384799221518,-2.9088533427689214
2.6510792921032253,3.93699667556303,-3.721768868161047,-0.8471320207328046,-0.47165399881927517
2.3964004201041673,3.3785950535872784,3.788591075525529,2.6378967378671945,-1.0018708583120501
-0.10872233035615952,4.638239591212746,1.6706998304556286,-1.952814351470995,0.6913036463180244
1.8369783488949052,3.281819784447741,3.653184621750233,2.142893630097575,-1.3835409972674855
-3.7005068003885455,2.7807035326488787,-0.46627019090830313,2.5677314559263085,-1.4718971093225357
2.510821943464517,-3.5737584133140383,-1.4943989183727853,-1.196667285837801,1.1486002679984013
2.6760784150148442,2.6496743276817214,-2.65736837305347,2.2554784237505556,1.408502018231112
-3.7131181948462153,1.7824307055275814,-0.3863724851514112,1.4896335826555518,3.6983994057728076
3.5415694271896365,-1.8105837044185458,-2.0425863203997414,1.742678647657037,-4.57777439753174
0.016679932970831146,-2.6766938913959315,2.696892310397069,-1.5799452320836265,-1.776748759086236
3.5844725893850278,1.6958783464886542,-1.0196279451676338,-2.9264462144652112,-3.153387449993294
-2.4216775884677597,2.8422553571549236,1.3290178454361357,-2.507617530248887,1.7204309623784697
-0.4707070271831748,-3.6678606054308376,3.946566374575264,-1.1367362635076441,3.5429570644460817
0.5975016013314045,4.533310455879501,0.3731139905599097,-1.78976134768417,-3.1975541233427607
-1.9743357984559955,-4.339725438339071,-3.9122264361665513,1.5548006668305856,3.1788718572410755
-2.988443292756388,-2.5287299328066486,-0.7691935628003481,-1.7219197633059673,-0.9812180107603066
-2.570652804676765,3.5115684665486513,2.8837443224236887,-2.3553099863473674,0.5045965308967313
0.9216757007221537,-4.126572285195325,3.392645612622606,2.0829127239433616,2.312857244308577
-0.032876119258682834,-4.897088402725646,1.6013286682236494,0.02549710015348694,-2.4579448861238697
3.383923231392404,2.205525904148172,0.8440475883495759,1.5565841353208576,3.3025769336251187
2.389715347361757,-3.945780492741677,-0.6964139389679351,1.2843711277618413,-3.8224042564911427
-0.07386196121729594,-3.8194744746991254,3.4411917520421564,1.005497620466591,0.12135213711306747
-3.845584768690875,0.0733981473781653,-1.7420885881201782,1.6987327767855502,-4.3582072398322955
2.586043545270422,1.1647589952528459,0.9811859102286817,1.3395747090733199,3.091241338741792
-2.604924221424242,3.9031462219841764,-0.547597477750366,1.5940900658104509,-2.323718566075494
-0.776710787744511,5.126775167952472,3.13645247056202,-0.8968794017724759,-4.658524710428943
2.485593777769979,2.6570448581770316,-0.5458949555423054,-0.9335447388438127,-1.452859533619748
1.1006926280241585,-4.669200307191045,1.5668609487690075,0.5523092710532143,0.4391483763463295
-1.9439234967021672,2.724338932867734,1.222552776274891,-0.756925018547971,2.8913723659006134
2.084880617380448,-4.016263199535967,-3.1238728316008544,1.8349733963219883,1.1567527583001667
-2.0682255158603846,-3.4029562809183522,-3.871375455390077,-0.477335811710919,-0.31420405278722363
-2.6943690186894207,4.614641668921303,-2.3839918989149522,2.2913518772665133,3.2175673574612738
1.8155070034681389,3.0976511257655206,1.1230281384810823,0.6637056093982343,-4.715400850664971
-3.5355138624330538,-1.4205544923063966,-1.048463523736527,-1.5713641080993759,-0.4574730174192654
1.4797259731592165,2.987461080536688,-3.735543807066451,2.388147077059797,-3.772251015366969
-3.4828555423794487,-1.1094179937066948,-2.4752761768456173,-0.14331367444971876,2.1584437995763546
3.2028056695556257,2.659108823415976,0.08566601561508413,-1.4190394895928826,-2.127865737704073
-1.645759572261274,-3.404665453769866,-1.0526547588490889,-1.7513846148689118,-3.3273991683330073
-0.7805920668806374,-3.837685164924179,-1.3376935478181293,-2.91417320931352,-4.137206716082068
3.3926887623643074,-2.7586513722433983,-1.3586282442937971,1.410890092342374,-4.485176439808422
-1.0606054693087925,2.747755742164858,-1.8567041242993456,1.5874191711677366,-3.5289821945069915
1.7101146652264,-3.419630515450939,2.17408996987648,0.9799764673526301,-1.739572824538703
2.7993173345272604,-2.871794946353916,1.4382623082498096,-2.215082714491161,-0.07083079501055867
3.2033753820718074,1.4108179034561732,-2.028558250482469,0.02100680029833235,-0.31921297118856007
-3.9420924152525156,0.820977066955155,0.08553476435259988,-0.1469147340795569,-2.048212736765139
-3.4079625113435625,2.9177255989608977,-1.4721611408084154,-2.5349835341493203,-4.11318134716082
-0.2691771245357346,4.316003816703764,-0.5605178543524545,0.924247596027548,2.760289822829237
-2.4738085120296756,-2.6915397710953908,2.1202283019816175,0.7297152774929789,-1.1792196957643237
-0.03984398877385509,-4.982464641279063,-2.62298300298753,1.1111913244712106,-4.035484802770942
2.5015822690985328,-3.0423376779685856,1.5831216610153884,0.590570579181465,3.2005734123329983
-3.751519472715893,-1.4049555519675776,0.00027162215957954317,2.0943221212241356,0.6891407985096372
-1.3722320225611142,-2.050179454588098,2.8113435115139636,-0.20386031247158876,-3.501940256155063
3.2644492686087707,1.705264474895507,-1.1041644503977253,-2.560612895629313,-0.44808547631791296
-0.8483673170723884,-4.457326453971377,0.21486640375079258,0.953584503038841,-0.19035176353309513
3.4851100075290526,-1.5357642521626511,3.858557869079382,-0.05586237619605061,0.23790524861336504
-2.065322193952829,-3.679575833596485,1.2329120329722905,-0.4157190983038799,1.51684380148218
1.4395306596724247,4.254966091303379,-0.627117778262928,2.583578601613591,1.3804821024469698
3.8943268446875514,0.5146699435678179,0.5785086437295623,1.0326360087256568,-3.738809532216648
2.5438427487091895,3.6790759731894838,0.4624432691553464,-2.5316574195322543,3.938332540964632
0.20976054843350944,4.608599148697882,-0.1844828358394608,2.1768066193454976,2.3558123453516373
-0.510987919684144,4.156601969837018,-3.6287553110573985,-2.517956095744326,3.9454910723523184
0.2664291287037397,-5.009628898850486,-0.982422964829353,-0.26911945963417416,-3.809510653518431
-0.7452788794287137,-3.5496938721595765,1.6040265293866733,2.2332684115102337,-2.6819981708940714
-3.8760319412208792,-1.8282239093973462,-0.26821871768218486,-2.9785403937290473,1.453359400748818
1.8731708469919974,4.413465704785403,-1.042623987051047,-0.018557628635218926,3.5256655073552494
-3.7634186788408597,2.723678448202952,-2.4974123577117693,0.06548262588830012,-4.156171601404923
-0.6620003312681693,-3.8712429590383115,-2.24171068953419,-2.0306579388581003,-3.6479311530550627
0.5592542240510543,-3.1749716097196523,0.7399198511192377,0.8207526708589761,2.087093158727238
2.0035064884029596,2.7459779303996616,-1.5501867381031893,0.6759092691929394,-3.1461129570496524
-2.340859009726093,-3.1589223055737627,-3.560927969946256,-0.8819680513894994,-4.753158254874649
-3.986896329636079,-0.1433463860380531,-1.1291330484735704,0.3007573268394017,-1.2622457452799294
-0.22618319934051012,3.8957090501423046,-0.3700625066490595,2.4656749677986465,2.0527184873668647
0.6172644663238449,-3.9459369083932634,-3.8266845907221523,-2.305406672195899,0.5208997361715157
3.713177814134947,-1.0378959482440737,1.9648989438550002,-1.164976526947757,-4.439371151620735
3.0577830199559104,3.3467629159770964,0.8532063423637899,2.5456838087710647,3.9440017241798415
0.048253542441462294,-4.166790966738451,2.565369336152899,-1.5095931402634615,1.8677164701489657
3.260165329152497,-2.032213885969605,-1.3580743893181841,2.3691523825811753,0.014912015228161657
-0.48366367277517597,-4.44304894516115,2.9905712766965786,2.172690205012845,-1.3895857047023892
0.0001758491122565431,3.911312719628595,-2.5308146531283766,-0.5023008229975057,-4.0270984604624305
3.688251297552412,1.819674175372946,-0.6432460371515445,1.5868404641186844,-2.497339387328361
1.045633710648615,-2.6490417999158398,-2.298178505132234,-2.300660845088009,-0.7680250748367632
-3.0789362822080104,-2.347971577506229,-2.5214530523468177,1.7145840795740632,3.8650465423445404
-0.4858683587149102,-3.1241362976008444,3.9124201631883,-0.3058875034233961,3.927554472500697
0.029211680053066402,4.410887752683237,1.2841284352951936,-2.8761712469910163,-3.8910480529592566
-0.37075749955693205,3.438131555182475,-1.132383211983889,-2.8122749927113393,-0.6006483815359305
-1.4629844147394966,4.620484935092934,-0.5685289153287751,-2.089521074189231,-0.7177783234606219
0.1089142244852912,3.259670212263827,-0.5612017814860639,1.5044192681806088,-3.9734748480621844
0.5260531249538225,2.476595644817643,-2.9224019052249552,1.6305034071847215,-3.121357294437441
-1.2505666847877244,4.138588806064058,1.1451536886855473,-0.10729193125534486,-3.19980976465485
-1.3721001730316793,3.1199004519539377,-1.2880520861189728,2.280342985708103,3.9091496344836187
1.31520009509903,-3.4465350002874877,3.136150106829011,1.5527326300849786,1.9409810410067623
-0.12726998294823932,-3.533291140078103,3.7208521340549874,0.3444562864908556,-4.304526364163931
0.040142259352814236,-4.320950163507983,-1.8059200960690678,-0.09641459111887762,0.3006629773880798
2.4219130018680453,-3.1601933929505166,-0.8459420102386455,-0.8358026259825659,-3.5910561207122553
0.5103310108203143,3.108057662018635,-3.5421867934323386,0.39053912964885606,-2.1270143384464206
-2.3840197772018517,-3.3849630906045514,1.9055788095418453,0.4933855993494287,2.5855710573503927
-0.05434406510982015,-3.980002432057487,-1.3959585871872386,-0.6790429848798047,1.5516830191022404
0.8753533599059091,-3.7936547675079417,-0.1557549987618927,-0.6944477072278374,3.618473330181642
1.3742017121734609,4.009196063238266,-0.4759345580511525,-1.8089178538374764,-2.0394869178149144
1.1250893622103169,5.143602559852725,1.894584809846953,2.4539169389099227,1.9517206106691276
-2.0709917853511106,3.6029722010544285,-2.710594952931049,1.79412063344809,-4.363985382229315
-3.3781821048794596,-2.165796351233136,-2.2982426756041594,-2.653811466238049,-2.298929310963206
-1.445726198298149,2.6215363533077447,-3.8273258545260465,0.9306957840398962,-4.06916366809918
2.0896295079594847,-3.55300759745167,1.2897562833106786,1.9871349453446738,2.7455256281243674
-2.460803803427404,1.8740849940863162,2.1200614040471715,1.2238391168961122,-2.9034299001127346
1.3386128258042778,5.113637559262603,0.2698984863216145,-1.4835674694565948,3.267083101938045
3.480488080706941,3.7538070945569335,3.5672263659657135,-0.468485790151691,2.7592913869021682
1.1450231847409524,4.155680032211871,3.0734652135147327,-1.0717609388741394,1.5996623478017433
-3.8475885424723337,0.42154892238925046,-0.6460370553118508,-2.6604526456163757,3.538107680075864
2.532907782670028,3.383330582330533,-1.9980777043228244,1.9833793694604491,1.6800680119451847
3.0125277218751894,2.148971925738297,-3.474475649673008,2.1213228574856062,-0.748849983476024
0.015300075067239405,-4.174418119327621,-3.9906235514398256,2.509798152217601,2.4487648349812474
3.2185086642630036,1.8894616293685358,0.4986202602869012,-0.053598072390422136,-1.4168716198168898
0.5992508755036985,-2.937409029527844,3.7163311120173574,-1.2735248941071153,3.5687234910611494
0.15532361893306312,-3.633116506064192,-2.503696885509786,0.7113848435224353,3.5942778474542063
0.6713729980214369,-3.751658506589511,-3.45506798586589,-1.2865025224744855,-4.630101239459565
0.13602931932411,-3.8668149345545317,-2.581570075697444,-0.25724545173281177,1.2767880737767259
-0.8812530437987238,3.2805116319037535,1.9418284231715957,-1.6176371535276588,0.017452723118439373
-2.3848109418844077,-2.1354903615612773,2.2969482412787894,-2.613374468993872,-0.954951520194629
3.4101368933943865,1.0105707471143004,2.6698829558745825,-0.8458299113991412,-3.22496709268782
3.5041572635983593,-1.7746270806640205,3.9838157244799,1.3298865282457655,-4.688082448756415
-0.456883148246634,3.9348601902778055,-2.2342632866732224,1.2208975128845472,1.9700360765966654
-3.8678265618800625,0.2625550752770136,1.365937723466474,-1.5771064158268147,-1.88170407829302
0.47402482378559263,-3.106409387543647,3.059828052219788,-0.7706739111572647,-1.5134188740733965
2.3855684818833254,-2.4877474878761454,1.391578759758362,0.17145199898583297,-3.9063139077631224
-2.5818982382883195,4.129570475200261,-0.6436196262624412,2.2058547224490175,1.7741451433577957
0.20718644341556214,-3.949414184002905,-3.4940062479837426,-1.9512544905817097,-0.07884031733820951
-1.9941393532149077,-2.8253211279542123,1.3773504615068708,2.179462817900479,1.220596204942722
2.068353655606993,4.484730028993443,3.611506597807895,1.0906061667251645,-0.8126164703487788
-0.4430463532586284,-4.320385079739537,-1.7411620435140494,-2.7636788747377286,0.24118217967548006
-3.7762096963587233,-1.1624832384057293,-3.3719949052867086,0.8492996434919124,1.973866697582996
-3.474152588480062,-0.1508747787075666,2.694293635152907,-0.7034726372249054,-1.4819480068954087
1.1617370415074575,3.701153539510422,-0.10348665132946522,0.5037714363703119,-0.2251083777579339
0.05619834628594855,3.5009252847030234,3.5875714135273506,-1.652757255852503,2.406213642179954
-1.9567682985179076,-2.5136085749526016,-2.4461670723217592,0.9245659521530549,3.3592108713059385
-3.8463405228301752,-2.29856989499887,-1.6953927163768148,-0.5759463591591132,2.768409664491429
-0.9912854013775787,-4.1666832757686185,-1.82561842402525,-0.33926004528313625,-4.252375502195636
0.22623349316504715,3.8219340578755836,3.002774140235717,-1.9706141281808334,3.4944230379700247
3.4778313208094414,-2.5630448693953896,3.1766358368514895,-2.1591449973725965,1.9259466127677412
1.9742723698250861,-4.299050390711469,2.840602074131893,-0.16179203359266126,-1.749412918923154
-1.5475399700240873,-3.6603180890373817,2.730793727502572,0.8004240559162374,-1.997288191638706
-2.0484450862398482,4.0101459968626525,-2.865044822856893,2.4046615411727057,0.5060296657586107
0.7974763367499111,4.513712095159174,-3.5568409797415868,0.8475915803509326,-0.8053060754793417
2.711482207374951,1.730017258876068,-0.3007199593926444,-1.1394157304171526,-1.5208707361163243
-2.2301149308704415,-2.595470846452393,2.4233003664574744,0.8132534181616564,3.1492877590610586
-2.5737508966951914,-3.059857938090593,0.5337894504637388,2.284273551118371,-2.3519581832663565
-2.5736511271950206,-2.7284850591978387,-1.602365931425954,-1.6507744427468756,-2.234214215781667
0.9944741573371143,2.769471657653769,2.6190391925120826,1.4871498597504722,3.3166407539605025
2.7062408193486442,-3.085301273187064,3.1560858604336612,-1.1037664550007193,-2.249674933477491
-0.8891913376491543,-4.511396290824106,-3.726461844616792,-2.7794248844900515,1.0500720369461085
-2.6323643708041304,4.208840629088775,2.4622738870976058,0.29811426104063754,0.8047399896739975
-2.979027198586122,-3.023805436080041,3.5987129771530997,0.6129901515880292,-2.3013480076178574
1.1536734931923576,4.173277570936064,-3.505385159444449,-0.6873190012129102,-3.0887610452386975
-0.18022893532313855,-5.168051688773182,3.408999109196964,2.242224475769378,-1.4028209172420527
-3.5698163978322546,1.6604231718576665,-3.3251242209806353,-2.9097987161675345,-0.06303495311972274
-1.0373218833280662,-4.922092714708784,2.5571080217285367,0.19762779320892987,3.1529745857534
-0.21268338977388535,-3.5769325225176436,-1.4818344421544207,0.0640139306565306,0.8697071581003497
2.7461107038524704,-2.783406363176107,0.8796988065929581,0.11416187505281528,3.3052011755191977
-0.3886344894007676,3.6361870539019723,1.1538302219769898,0.5921864729648694,2.317560483154299
3.8483619438143633,-0.680683534931589,0.8540839249206966,-2.8583552900602824,-2.858238405630944
0.6798498168648726,5.293895092822402,-0.7607348647564045,1.1026766016466327,1.3748629963638344
3.521942322883219,-3.1324415110980355,3.337286225357973,0.8274191679631868,-4.243487348077013
-3.7605249911236287,1.7821293045015714,-2.839683752052184,1.9101037688863336,-3.6034136135449906
-1.5942241336118386,3.34249770708343,-3.107239366323907,2.950259544364517,-0.7944081504383318
0.7603281000507254,-3.6514089983142277,0.8648380143599397,-2.6335826840887595,-0.7594246137779939
-3.5157202916299113,1.337036175683732,-1.1020199159363875,2.5599550425270996,-2.815852214432603
-0.9436768760013674,-4.080329452727849,0.8674947143516434,-1.945189858225111,-2.124976631702549
-1.316198532918997,-4.222351328816104,-2.0382172376105068,-0.990646227572368,0.6522265858180347
-0.17456299725244318,-1.9387611676771783,-2.898711532297667,-1.3540189048643694,-1.4034479010853804
-3.9993088278428246,-0.37524269073723765,-1.353829018618617,1.2799749607074213,-0.5089079616830974
-1.1393942878063381,-2.91669049153065,3.4924600428289283,-2.6780216881168473,-0.43335917036709226
-1.5697117315407825,-4.357487233530016,0.6547295412314504,-2.9822476266312856,-3.5707752021278036
-3.1776893295008684,2.679323955232964,2.3413872129268523,-1.6375299575671085,3.441967874457733
-2.1652082054033954,3.7970674477195847,0.2243542469605071,0.4254099838184717,-2.436451774089295
-3.2607660372443315,-3.2736890151502553,-1.8237813460646697,-2.850572697378537,-3.1543642851565865
-0.8080561418900967,3.304634739100957,-2.2073169080751356,-0.28525642114648697,-2.124520032578495
3.9026636196588997,-0.3968462413903614,0.3724640333450351,2.432193045139363,2.2882997483676855
-0.15083906500408606,-3.081097411836031,0.7017806541012863,-0.19508816801035156,-0.7000243600482747
0.3895695641906105,3.137835318346101,1.5716649283893371,-0.4163948675067837,-4.733892158474919
2.9364775371737286,-1.9725764591399617,0.8730270727138318,0.19534531315897086,2.0573443010261023
1.8630209297852955,-3.2510586780184623,-1.8130584964758416,-2.4852094033800114,-3.487727072028184
-1.2361856004029912,3.916641056919267,-2.527463712520353,2.706861244770155,1.4571800035813407
0.03426066607233835,-2.6648152092187343,2.0416398526388546,-0.45198211582845094,-3.7684560893302423
-3.8156237916970177,1.683381323581641,-1.8983510830076469,1.6368814938954621,-0.1916662887499978
-1.8034289085465396,2.7020093187397105,-0.8141799059128116,1.150872437257525,-3.9281597291748724
-1.1305110885252825,4.199429507073639,-3.595657581671097,-2.1351357012037506,-2.9953743438173026
3.763457803747719,1.3205323603236363,-3.557154432869316,-0.15382160994430505,-1.1632268153641263
-2.0569912820753284,4.206227901444805,-2.3518841150564507,-0.42656407521571227,2.1427736022083295
-0.6836084429139184,5.6721308568370326,-2.9877240330855788,0.24774623153151643,-3.196006563259587
0.030373546162550724,-4.836937451735855,0.6641093871707398,-2.6944244290855095,-1.6638962140485907
1.8209282236651463,3.4980297588841176,2.1454885287699934,0.6078151067419686,0.6509602705564177
3.858950415722534,-0.5527258869753793,-0.3897241816044694,1.0369528255314062,-2.8139902147829092
-1.8382026961210602,-4.5595238447581545,1.7313719755557022,0.2854428867710288,-0.018424641623966842
3.7927213954711005,2.0036357560460996,0.9696564777621361,-2.849939279069517,3.674476799146797
2.200730130307349,2.598461442719652,-1.5664138411300854,0.4686637717004394,-4.941507240908358
-0.08574838463791856,4.061899491487139,-0.5243975384130737,2.8362753496683872,3.809323316984834
0.4146281816693591,5.669333711810465,-3.4619017680028286,0.3882360114649366,2.738454201225922
-2.017946225732727,-2.246558539242546,1.237147014313507,-2.069900153304448,0.9400333570864046
-3.7840522208511134,1.7379388775704174,-1.4654585438591816,-0.41861137363569956,3.4246076769061524
2.5974916477471126,3.1045291921066367,0.7570018207699514,1.5130664258434718,1.2282963281330375
3.5333834549806715,-2.1197459161076795,-3.641266178725612,-0.4835052382328229,2.8824146966486808
-2.0006078026575542,3.0558207358099696,2.7191998273521962,-1.6435523088795514,2.2304346802751347
-1.5923151980727583,-3.984658069076745,-3.163718295537759,1.6938813137314845,-0.802939301832656
3.6534913936395634,-0.9668399472585294,-0.8718876542516671,-0.6366132029017484,-0.9452664310119792
3.28677229160387,-3.6772001990521685,1.8727912120587566,2.1133285977114467,2.4099486966186348
-2.7512361465613173,2.247208917674678,-0.491524184606682,-0.6330702969802431,-2.062684133179868
3.682514434205145,-1.3245366756321049,-2.6950086518838736,-2.065230193069641,-1.3527794959507098
-3.3643787569661807,1.567372893038963,0.8978194767302403,-0.9907764526974034,-3.9024395608864255
3.424734298531284,-1.9069415308956152,-3.058401702679096,-1.7907118736833931,2.9718986459867214
-0.19990565977917374,3.471738150018155,-2.8037868548188927,-2.715966310982984,2.195914168312065
3.3711145039296344,2.052855674843113,-2.379846475233773,1.51784313167252,-4.054075725893906
-2.1799775401914214,-4.323869989033879,-1.1831454279188458,1.75186919043212,2.910879261546251
2.4634294309703435,2.947319539158116,0.5909523093375029,-1.6050932133416684,3.189280904940464
-2.312727042892692,3.1187598590088905,3.938156401313707,0.09296289996033069,-4.529912884940354
-1.4109158944057834,4.258117842493473,-2.0163536987717556,-1.2945222396330478,0.37202852441351464
2.5389480527145194,-2.409535821660915,3.4058418384171683,0.06493514786735055,-2.3368818378015233
-3.9398565690574863,0.35680452885813785,-2.3989375104057373,-1.925831605828686,1.9312876546104256
1.0957571649240538,-4.5006281243111355,0.43936737299920914,2.913007225760569,-3.0262020546660553
1.5198036583743963,4.433721295536227,1.571972933740395,-0.6449555595389871,0.6049061774584761
1.9131894775213567,2.642121631948724,-2.0694216326055823,-0.08086746242693321,2.652218131884438
3.5788507758231836,1.6114930806627248,-3.934333314108242,-2.0050552193137086,2.905500164131169
-2.8073604355072304,3.817328549941545,2.472456068199837,2.4454355347516428,2.261266315073848
-2.852136774422318,3.013647931510738,0.4233199618410195,-0.5147156189875233,-2.3824005344610493
-1.0952232727868312,3.309927922644051,1.2921379595962454,0.7169219240950069,-0.08018263910432033
2.0690539456675223,3.278307313102817,-3.5607683422094567,-0.7162763080419738,2.6923376214348744
2.1265760555533113,3.5118821257520656,-3.544131972298623,0.9435713552635843,-2.973068234300803
0.8759471201686511,-5.862112450487977,-2.4403079393832527,2.20709080958843,-4.521960878363625
-3.5170070210005546,-2.6468633898805582,-1.6182298106407735,1.1160099357828859,-2.030801984801116
-1.2368317322521474,-4.636681192371821,-1.8077637766465644,-1.6532682118598476,-3.9152961311190655
2.015337108485543,4.007551886087764,-3.606539477948778,-1.0639672988691062,2.984989222803044
-3.423170663650353,3.297856332108906,1.4345956889133538,-0.20946151686733971,-2.9201026680499713
3.920591830872305,0.8751514192902762,1.1855563015897186,-0.7119536802285937,-1.7862382832139039
-3.42982122075417,1.1146903981896914,-3.9868764765932623,1.417221447313307,-2.086048460629169
-0.0033343979783264643,4.3931278356465615,-2.923184088979988,-1.2162614137003185,-4.6174003739362215
-0.16526296470273394,-4.386064227623052,-1.428301682520515,-0.5125220396435273,1.7716098341713602
-1.8435150422504583,-3.797974116688739,1.9060378182357978,1.3657527326942525,3.165081531952376
2.9983018732198996,2.200241458538983,2.3116453852556855,1.6882178243399597,-0.43463626543322764
-0.6287107795859201,-3.1761741842743483,3.735090086513371,-2.0173820617899456,-0.2983376289572037
-1.673288421353682,-4.001999735110769,-3.2687493179949128,1.018198740103978,-3.4366307757458174
3.357528416818961,-2.162264128088588,0.7776336872820417,-0.13889294690357623,-1.9094702210760364
-2.683865216357482,3.1097588742404514,-0.9491317816443647,-0.6364004320279366,1.3603134659961587
0.3401443651649174,4.3656636088000305,3.139368876240775,2.6033180602038133,-3.4965871032420015
0.6433708717207072,-3.1689829276794566,2.733995472496437,1.3861628531862147,-1.3191730162076833
-0.52200017381836,-2.684811726684732,0.5818687692979472,-0.35160527759092153,3.051533987176045
-3.8074863318155074,-1.2531653077034695,2.816824502511519,1.5113655796187748,2.892904441121182
-3.5870551131074695,-0.03014797670397029,2.7392760466311543,-2.940286209790443,1.5474853248171963
1.1040973096297906,3.6220734279447435,-1.6868504696048712,0.11513090327463882,1.5914867183870633
3.2368331360690306,1.9208090997956062,-0.21402634275794608,-2.431213530245085,-4.4858862814158424
-0.02050453413109196,-0.48724683142532593,0.1703935597471089,-2.7535725631238757,1.8513994959540536
0.148227573134033,0.3245765016687305,-1.0435883284680134,-1.490534986643237,-4.880233878427829
-0.7542463161192043,-0.18108380753155287,-3.132403714950356,-0.8498545237286703,-4.30311809294259
-0.3000889498106907,-1.4426967812746485,2.6707092477434795,0.29157733524570784,-3.419479945502369
-0.016086224155838054,0.14732730882480885,0.9410871298064709,0.07571530621490208,-3.4475642248884366
0.5381334158009536,-0.6849885128259102,-2.693769748666236,0.7818112931119403,2.158664388891925
0.12022515494401603,0.7767831233425782,0.7027154043824098,-2.1379484446325026,-4.890689898813407
0.14060368364957182,-0.7321916755907075,-2.6436961997508917,-2.334786964133507,0.6773295871617417
0.8792374096017599,0.5017736533018572,-0.04843897560767818,1.3604797603575545,-3.243589301865629
0.7280039456522923,-0.5159694100583806,3.6127785840909468,2.3004055271491293,-2.555900984777314
0.7498516913100313,0.30462702852272033,-2.3193835113141805,1.0278064374008622,1.5686238412000018
-0.0374784204768953,0.7594219932284649,1.2271936390491298,1.2149754536280373,-0.6469945723983814
-0.6980190555677995,-0.6391608409064246,-0.7011965596228453,0.5281158381423969,-1.3211408196472187
0.5737242867537953,0.12072520287781283,3.458052583710919,2.1881170667325778,3.6071474799924292
0.8682490030282202,-0.21627561869142894,-0.21383172694971364,0.33815060550267084,-1.1308079462166587
0.5894131601128965,-0.1320338019468662,-2.970574122751832,-0.28631421349575703,-1.1356195685416894
-0.6281902473833098,-0.00847893291829211,-0.8608628813411148,2.454830643673578,-0.6125280228690801
-0.26343025326704955,-0.8701115933568913,0.03243180009362412,-0.32170112252444305,0.496169676825466
-0.35472343380525995,-0.0385423110341867,-0.10205410160777895,1.606150156736442,3.175718384096678
-0.8766337900706945,0.10103424758124314,1.3326011661735597,-1.355047909705736,-4.3936007344727255
-0.12327047588029987,-1.0094705965355095,-0.18920990007669847,-0.8357467766092692,-2.0835851070324485
0.3899253714589886,-0.8989483787346056,3.111252280214292,-1.6233670239622813,0.3289640873590356
-0.05260702898715391,-0.45998059124331675,2.1063252941782986,-1.2986650015625154,-4.918139624094671
-0.48886389622180776,0.05431697617596206,0.7750506627373559,-0.6843534291032194,1.8086309099166824
-1.121951237774707,-0.42990384191194536,3.682374292734438,0.32484258986972314,3.48387142650539
-0.7419774128199704,0.3073244907765574,-1.8814695942018052,-1.40358482892214,2.000211099976786
-0.5544685407568524,0.8991719379697408,-3.665329423550051,2.0268967656407018,-3.928991810157256
0.3234562989416893,-0.06197945373367807,-1.8273225924326297,-0.7433813663898685,-3.373447506266404
-0.5321775482066917,-0.008991905744459764,-2.774175381207476,2.1103182621578442,0.006276072887160922
1.4449545708092397,-0.017156322750657985,0.8236786716318676,-2.9126088072829255,-1.0116160824229867
-0.1902579115840818,-0.08417209611787042,1.7244631744997578,2.8329421793366647,3.5538487069628477
1.2486297917540656,-0.001631932028852245,-2.3809193337947487,-1.5702772292431095,-3.2437012149254842
-0.2832066640995612,0.7594785110701426,-2.428078345805125,0.49372508904828116,1.0964913034784685
-0.3202318602787426,1.1081252059690276,-0.9244945352081739,1.3683384346470167,3.5765572876884946
-1.6583216653728314,-0.1916744372528813,2.2778842681514213,2.6606916901720865,1.018213555453407
0.6728974330922809,-0.7198302798690778,2.960889674404404,-1.6645526688415633,-0.7462397116084079
0.20229544114007603,0.21834440795180574,-2.586589637689867,-2.0969659147031683,-4.304304394117676
1.1988777569471538,0.6971725914860597,-3.330647525586482,2.8561708765284113,-1.3670679391171543
0.6198493952685106,-0.4649568319660131,-1.847900928546971,-2.91274726159241,-1.234882753924329
-0.7624935258360409,0.040307974416260474,-1.6485856779656114,2.830678141521145,-0.05981572025981663
-0.48630083556277565,0.346935471461933,-1.6703887107433033,-1.4505895329703105,-2.617547695023485
0.3298347041625873,-0.16159457909407512,1.683201567955103,2.537527399875618,-2.9593671342501184
-0.8242964657991949,0.5783839847515296,-3.4580074334222166,2.5968927253686456,-1.4480415039488612
0.1875418095106234,-0.8644234275557396,-0.519207195570873,0.9880154115045983,0.4196573494632876
0.5384055945311738,-0.8166756500750544,-0.4034823389415223,-2.5869732003795254,-3.8972974994422462
0.20622914278299903,0.28991271843966004,2.1299148441756772,2.910025662299998,2.4347853664279375
0.1728261367184889,0.5421387497157361,-2.984466873392508,0.1775976711541425,-1.880690804323816
-0.34500716062351383,0.27115068214806165,2.8070517839949574,-2.09500154106051,1.074827329401538
0.060931582624998086,-0.20123785096225558,1.8009258973986828,-2.5586216382612594,1.0099501447450905
0.7953618598724057,-0.4963398956730132,-2.453431978929201,-2.017738743367171,-2.0874230917579704
