x1,x2,2,3,4
4.939366796690333,-1.0248521628449783,-2.4361093524448147,2.389493533563458,2.7862337136311206
-1.170829823338675,-1.0843322711248335,3.7314484645919546,1.1382203084531177,-3.1588871873520263
9.483765476874783,-0.19792813460957123,-2.5143083733456963,-2.7725330097330527,-4.781518234855753
2.5582073030737753,0.4134075059063409,1.1382732967805271,2.547612712664658,-3.6715975944907098
-8.062506493702603,-1.0265400404781624,-3.3801948814590537,-0.9040527264211837,-1.0219872808186041
8.986259256621388,0.43884842899930054,1.1420906933475603,-0.6039752732387278,-3.490669632967348
-8.957314671089874,-0.44526693226039626,-2.2848421883760217,-0.8322858438457743,-3.598170731656991
1.4027505237850306,0.8932369014479333,3.768278451507829,0.44321459485126624,-2.8315640668208037
-6.753095531727511,-0.338169891287222,-2.577829222205624,-2.115754750860269,1.0288505340854819
0.7302294835252514,0.5400012331005424,2.93308423579552,0.15033276885343483,3.3498686471443975
9.953470060742326,-0.5290635937943787,-2.338361171480839,2.2718319792238573,3.051754985580672
-5.490775451109105,0.6304208601232334,-2.785946608163683,2.6771264510026853,-1.029681523502819
1.3182621209621956,1.0197342002085135,3.0787835485989623,1.380792911389129,-2.6863734669482104
6.701655841165845,0.387565438478596,-1.9414657445516603,2.18626694572212,-0.09373269922435501
-8.476858247594013,-0.9189287856457218,-0.7852816139989285,1.6478550257802684,-4.38261730560889
2.834329094481003,0.3392585167595633,-2.3312245547094657,-2.4895522623689015,-3.5192806382216193
1.5024988300819437,1.1209020334358821,-0.15597068971816785,2.4377860793077026,2.2638866753949554
5.532395143168214,-0.7955872435302063,0.8548881923027087,-2.4134607326470934,-0.8012832091306406
3.3410356504167655,-0.30320044847544253,0.5769012137789868,-2.5162529251255488,0.43815942848040734
-9.827056494453316,0.14645016780986203,-2.8598678653699974,2.9511884754063225,2.2671681782091397
-1.6288605078597236,-1.0584709568153503,1.8119795765725675,0.7968901623028062,3.2294292436953764
6.453008270721888,0.1939015802413722,-2.9962988571651126,-1.2011810591002337,-2.700287226706588
0.6892804379798854,0.7453743094351241,0.8795036896340411,2.8460845689451233,1.7682502262760256
9.993391901755789,-0.3582512064749014,2.1136550799355236,-0.07610226568290734,1.9443611944376542
1.291600278774803,0.8430605541838965,2.0899981185174292,-0.1631234392319465,-4.84433917602808
7.0183459209937915,0.6317567748014398,2.609427857368672,-1.3320091276230606,-4.389513232179515
0.8161367262963175,0.6718718362415909,0.6932902161646703,-2.780871798368981,-3.5671903537162373
-1.704366151240988,-0.8961654203584343,-0.5419058346565429,-1.8755574042872676,-0.30416292782075605
-4.136620540057374,0.7993796835869322,-0.1857271245415708,-1.17103650867008,-3.36151060722579
8.57887741553743,0.7815731078566845,1.7300574925586165,-0.26871563865158343,-1.8267403363214676
2.174584093341327,0.8677501187279095,-2.5667069689808715,2.407916912344607,-3.916094481531675
7.310855464547071,0.7400618423229446,-1.4101355509974427,-2.5460457317894227,-0.7796105671478069
-4.898378362961053,1.0278102211225846,2.4160328206939523,-0.4957129215383995,-4.158075612115992
-3.2039431076094083,0.015501766097650506,0.27493108449276615,-0.915513752140177,-2.9453225974450126
3.67541855480882,-0.6372086188150892,-3.926898521300699,1.0463003538910618,-4.5366046383124425
-7.747943994999411,-0.9907262699568714,1.244735879968335,2.490780145850227,1.6976112792985463
1.1940574105315704,0.9744151258618643,-2.1799899337525837,2.9254536184335285,-2.0194603255568637
-1.8423086453405606,-1.0308576561376792,1.3623337076987685,0.642310110346668,-2.22101389039322
2.847056240192039,0.18733544292913956,-3.5253902623097213,2.6807588512950735,-3.7975554304655503
-9.33511244163002,-0.052660006632983807,3.6798883379358154,-2.7002375539855175,-1.7543869262355205
-5.715477012919143,0.6360786963849385,1.6169578995301812,-2.7306554077863083,-0.21900674672865517
4.308859390729282,-0.8412741420930274,1.8482614038804117,2.2225810898585188,2.167969131702736
3.811699985179988,-0.7438155541115058,3.9195709892122137,2.530861727443283,2.680049473174301
-3.2740323823634654,0.07557843498799438,1.826582289546196,0.3188867419506738,-4.4851092584424235
-9.165701003654487,-0.2840782738297396,-1.4362636473185662,1.3099005383121582,0.4807468987696577
9.710167092974068,-0.41695064787372704,-1.4308389006808468,-1.2710005691143462,-2.3734776962571997
4.275796065366787,-0.9070330868522926,2.5648172472263076,-1.368750796600457,0.08927306386996747
6.604210815467482,0.3006341750117655,0.4568551533578944,-2.419881678527192,-1.8042538057385875
-6.025542470451413,0.3755278502321837,1.388353785295731,0.19024264049120898,-4.341321132080596
-8.625582215414623,-0.6755217736032977,-2.18700376656606,2.5389232389157916,-3.429534783611526
1.9267312441599334,1.000862016821723,2.8575380292510415,1.6910595839735478,-2.5227540343617796
9.557180429769613,-0.26509017633371307,-2.9205871990947134,-1.1177929343276083,-2.9723768632383907
-0.9744089163191596,-0.8748961809166274,-2.4559314344198055,1.732903155071753,1.2680118693609037
8.468773341752552,0.8555373576727742,-3.9139248679921366,-1.950178979085887,2.0686976249413425
-7.399838672313239,-0.8817675320080385,2.740436826789641,1.1672266592221074,-4.275397322020726
-4.863701695051203,1.0679708143680957,-1.4913716579041711,-2.0813805681266624,0.04228241483199913
-6.304097512473836,-0.034732609115324026,-2.6541793127451117,1.0884103039472262,-2.6146062726851254
-9.94312765956725,0.6050431645748644,2.765338818925346,-1.1660683915403545,3.029736142844401
-3.7266350359827882,0.6145971525327713,1.4273947457068275,-1.530953392423258,-0.8120255705762762
3.79551768279358,-0.3951672801530448,-2.0370742975405642,2.4210960922269456,-4.3396631311587175
-9.77697853123298,0.44212300765807333,-1.4782754471165918,0.5307429691446304,2.8856348298111705
-8.36366542263473,-0.9932736878389997,2.112411417783293,0.4265922289162001,2.907569908868699
-8.127681291858027,-1.0453154760678591,1.7177247623516303,-2.7883498820717048,2.3566002582682515
6.4571371821886,0.27529197127940686,3.787254896736534,1.3696577125776148,-2.4199149086703162
4.96554228943536,-0.9447678793690129,3.508956651565832,0.16257298996640834,-3.47648741271708
7.41794287683399,1.1506089804922917,-2.3718711233940457,1.873030746078304,-3.156063413977538
8.552770444010275,0.7153957069114169,-3.098217333962225,-2.1187041051226148,1.897282188550406
3.491074691625652,-0.298898515804894,2.859225381735439,-2.8414136956961,2.2229629944736002
-8.319725788787016,-0.9503063447051308,2.8110207329614436,2.799360329892167,-2.633000775214149
9.973760349446874,-0.5796466762327438,-2.1135676958827387,2.5448014133252848,-3.6996355561284355
9.761932478066832,-0.28263746604759415,0.7261708757891192,-2.7187246787503927,-1.2384934992663714
0.131407883335239,0.13265482480780064,-3.9480146231995983,0.384439734158291,-0.15966902696519014
6.410565865979056,0.05729481071459204,3.137545215021065,2.3725123862322777,0.4785207723330913
-8.418599900946829,-0.7121464017454893,-3.323156560568065,-2.115250974045378,-4.243004360603257
8.68322405099655,0.707482761970332,0.17297943289128792,-1.0432758359952752,1.3307436221878977
7.559313878434498,0.9733055779249932,2.4127174409278433,1.4021066985931245,0.02197572846903828
6.815028975478054,0.4700217869640597,1.6427012351641421,-0.15179992205506565,-0.6610999880947412
-3.226394240797137,0.11573876272326594,3.0424138290195435,-2.0227113172242888,2.6828017168423983
-9.45506861213294,0.17154925746120722,-1.2689025066971684,0.16139169248481888,-4.773971959975818
-2.930316930412573,-0.23510884656092215,-3.2294898085816346,2.7396592715457286,-3.412541100185213
-6.243727975979909,-0.06798837204446534,-0.3032864525016157,-0.566681113458456,-4.043482961502589
-8.672687807991492,-0.6764917851270458,2.1482656684409385,-2.646909949609929,-2.4574450801651313
-7.211901765969007,-0.8144737817935435,1.0995153221606966,-1.793068089224988,-0.5952951994286764
-0.01656235728421329,-0.09499183633685225,2.2128030396555625,1.75982728230524,-2.59866891559732
-6.532079441959759,-0.1873731702066336,-3.144985392164938,0.36894377564201175,1.409755025032343
-5.046766166392915,1.0295090294986895,0.9507565500441668,-0.3164716413713098,-4.532207052576851
-9.950371829586492,0.4220926012849695,-2.1358852276802027,-2.0504380044487394,-4.110719405027483
3.8265170359188048,-0.5980572492254843,2.058775359614115,-1.3645649713174177,-3.0548512116294844
-5.018076374064597,1.000887651724652,-1.6847102173592532,-0.8273378071050708,-4.56833694045188
-4.139939741788714,0.9627512568067321,1.5290170058820198,-0.06825556458031823,2.9155480467050943
-9.92064742417236,0.3341429984590675,1.7032738735167507,-0.10714625267932476,-3.065366486626
-3.9066141506605785,0.6245958466425272,3.201096937728871,-2.5052698684432393,-0.8443506290453415
-4.729346624750574,0.9711546632193443,-3.7116243543577854,-0.22347525403061752,0.21755879384563315
2.7159641202874933,0.18707049871952727,-2.2935132301994283,-1.574135973265279,-4.403165892246473
9.595469774266949,-0.24635742284401696,-2.065932246165729,-1.266448094874456,-4.744265530883066
3.8511882435236764,-0.5928091468749597,1.7319137852119484,0.38536677659783214,0.9425334900455642
-9.482675795252947,0.13571786026840973,2.359413779579154,1.9200560167679068,-1.5089990337822874
-2.682097104625692,-0.5517612383891191,-2.3566287592140807,0.27837423667123495,2.667616103703363
9.46269096232404,-0.20456006683076772,3.173899805106176,-0.8111661963776826,3.3749032826148344
-4.410360812420273,0.8990581572584131,2.01611681527638,1.4103731554874894,-1.9178949374395673
6.828362247285959,0.42607553984115654,0.06067687415537648,1.945952861442204,-0.4426198248785278
6.737837516983401,0.3930281047465863,-1.3601388806602728,1.1972663068063136,0.6664326277503481
-0.8373689572748955,-0.7397391315052669,3.172423586137776,-1.6732001329044783,3.679314598913132
-8.518442572202936,-0.8719274424754622,-2.043350807250734,1.887001563244307,1.6617407782063287
6.779962822037476,0.46521089566047835,0.40213480231812504,0.8803901696328289,3.340726507688613
-2.9591322388188335,-0.10975551738641927,1.1301383513971395,2.064969344657941,-4.907546378476311
-2.7838128716781245,-0.40141263610118927,2.4085085841355314,-2.7626280776325034,-1.4115754857517127
1.206968794045336,0.7946065150020688,-0.9806815765213974,1.7357684117827965,-2.1085886063081927
-8.442907939332953,-0.8394040747807204,0.47160099724649474,0.2653252337592713,-4.538250462032828
-2.2077691770100927,-0.9052963039159903,-1.221231592210911,-2.3144773257191247,-3.988948620968402
-9.025647237255814,-0.6188650980522556,2.4706478960093623,1.8825721714892865,0.8415194157972516
-4.407205883463523,0.9558585888582549,-0.2292595356210141,0.9641528630155172,0.29974978259927987
3.862019588690039,-0.744961841304819,-1.686994904638115,2.9109284095207846,-3.9326441197894084
-3.5041365882979125,0.225720026395712,0.5531818886973632,1.5994891523537067,-3.670990991851701
-6.572930098680643,-0.3199973480840373,-2.2331817621367174,1.814733627122699,-2.0242043178217006
-2.725839478804682,-0.4764655268708369,1.627833670817581,0.7684864337059918,-0.8535360182014937
-6.950964638064432,-0.5270223944789045,-1.9193125486867828,1.043698989960503,-1.3675080666495192
-7.299578817053312,-0.6666918022523565,-0.50568821220135,-0.6941039891528882,-0.4335167262498203
-6.318300242651251,0.08138618743164441,-2.5693193088180726,0.9222220620874726,-4.489634132946086
-7.093846332329901,-0.7460552212089485,2.7398050130287537,-1.2450954668948102,-0.9999184241944814
4.650667232228562,-1.0769980163452848,1.3640626900512265,0.1786346822754612,-3.1842405198729216
6.475962078539272,0.14232863033412005,0.4401215359190376,2.3226836166850484,1.415961478057862
5.279001755167689,-0.9499175840294968,-3.5044035384463195,2.5298379937705393,3.863855180438655
8.582715460326014,0.6623112811086255,-3.4639271504908384,2.424599521388788,-2.4116630726185155
0.7326770215235978,0.7198475432722199,0.7753031837776252,-0.12200995835220008,-1.4108335158855145
3.367032440624893,-0.06339993686359163,1.4518850990631007,-1.292568941077441,1.2410748617777019
3.6826828950547252,-0.46334662930341963,-3.845178594443163,-2.4299713845837534,0.8457478296341314
6.140729407456821,-0.10065586144675934,2.955066058460419,0.010167687913650969,-2.852841492623474
3.444074778838262,-0.28640437571027577,-3.036616422470292,-2.667525431958515,-4.3903535066779655
-2.286126052456914,-0.8932161784188253,-3.7654724829482893,0.28162332182268024,-0.7257220832182698
-2.2932972171756205,-0.8536747227958452,3.7760957471432945,-2.6966973921470663,-2.917946934196663
-3.612621263256428,0.5002157856491066,0.010699736700988005,1.6319007828999679,-0.3977381924528549
9.360968678064012,-0.1476053064794684,0.6799800171373311,-1.1845207019686674,-2.539398267395536
-8.022165730192292,-0.9390822819375617,-0.2629839266985696,2.782389682785407,-4.380589231546432
-8.647266452481437,-0.8227848164645113,0.685813522598754,-2.5390828842629283,-4.902636957659698
-9.297295407093774,-0.22158378712832127,-3.5219148519561445,0.18149195410312746,0.6963583674596672
-7.497557161597896,-0.9430747344293979,-1.8065122270585174,-2.545158408404087,-2.038328248116017
7.786466394117976,0.9411745679421489,-2.5132009635626114,2.4361774664843683,2.336553180851751
4.203291775982187,-0.8147934249206825,-3.5032278186045094,2.42264697505302,3.5555903803583746
-4.955964269208469,1.0276118369818348,0.30727685831558027,2.4399524200310605,0.6386954052716991
-6.227972178690349,0.03292269903682067,2.227040667948307,1.3309567070364139,-4.7327540238014905
9.41430008310703,0.0013574398190998281,-1.5576575290900028,2.4996529522074695,0.903704661388816
0.34232757199504427,0.5119250633768393,0.5629887040225414,0.5037007283250716,0.7735991848866428
3.915418108333009,-0.6795878659327588,-1.0973210855477031,-2.5348057668029504,3.8444433241477594
5.3824916515272605,-0.6579659278778586,-0.26884079729422883,-1.4728276554609883,-1.423911203596572
5.170148119484024,-0.742691344301062,-2.582951422038972,1.8296781342210862,-4.931053343924674
-3.043279929710147,0.048607962548981934,-3.2314211139856663,-1.6544870736651778,3.6086632860263776
-6.398754942619855,-0.10017758241660057,3.5256864731935824,-0.8267603044648193,0.47253198930777796
-5.145028564432739,0.9223542095158848,-3.0114878265415754,-2.2535588699082885,-2.915615269438865
4.7326641350319925,-1.1316306091055703,3.796953278928295,1.9125859955841307,2.1016433312492797
2.9683879639572286,0.2376154826556417,0.9174634065436722,2.794684557358332,-1.9821847679690405
-5.377572350430282,0.5470258491173157,-0.6333222884454504,-2.4133015681836634,3.2746121633316623
-1.4453112106284856,-0.9797486753425809,0.17154848109430354,-2.14994186712583,0.30737800537948257
-7.56553529843238,-1.0119391347567714,3.9402878802295334,0.7237237243391714,-3.672388799715224
-4.48837165016891,0.8287213292306025,-0.7772380885308765,-1.0628000704693845,3.9860834998464405
9.979251465540536,-0.4626815039661456,-0.1324403740283442,-2.4022515991985,2.585614700029147
6.746942802624439,0.27122957865759784,-3.3782383854228426,-2.509048895364321,-3.2506839616489653
-7.869580705508826,-0.8488120323223859,0.8029948287646382,0.7680058824683464,-3.948711761941192
4.6997470752901815,-0.7097916501775474,-2.9612442978899534,1.8032118822223264,3.960427623826737
3.1526940282479323,-0.030508502190178723,0.8469123874878894,2.175455781507857,-4.464814835085766
1.6823427251027585,1.0241882365172381,-0.4948842842782595,2.0193707920429746,-4.557810169247878
-6.235221698818765,0.0949163883540392,-0.7053187839576109,-0.4696021194166713,-3.475210524762617
-7.745484926128858,-1.1174986031205383,-2.721881599203213,-1.8299805059727232,-4.292359202571844
7.3471429872260146,0.8657631594657158,-0.6955648275734339,0.4384602417607679,-1.6520367348465959
6.41780036627404,0.10508391296848922,-3.509799208515136,-1.9219976717594252,-1.666609685336942
8.327712090343233,0.8464529584660687,-2.9055124889603414,-1.7720895447317895,-1.006077355116426
6.674439919539903,0.35845026230189897,-2.123610129894028,0.02767172715337729,0.8548918978005782
-4.583757485672965,0.9491509650038721,-0.06650500092007494,-2.2166661320577576,-3.534505410045232
-7.556099349233055,-1.1082072516041366,1.5535624383122855,0.7970163337768454,-0.27226364208181053
-5.704117144992811,0.6316075956724424,0.5661218635186414,0.3021744913668858,-2.260276507743307
0.26229127634691807,0.21488875426529858,0.46442863721496774,-1.3318604954701745,-0.5573253063992993
-5.3593099067948735,0.6077979785082445,3.0900845844215903,1.711942849157131,-4.682801036664352
-1.8648533037170658,-0.942295392486794,1.3738024674080478,0.2943545209029792,-3.9317815889240486
-1.0850315177114105,-0.7310354638646792,1.5084870000606427,-1.9632835135952382,-3.8788829633031274
-2.323689403909923,-0.7035546571977689,-2.5607160617768026,2.322671359735253,-0.832342346528848
7.583796867458606,1.0198209100269022,-3.482769812665512,1.2193789677370095,-1.295656229355561
-4.213319764167524,0.8031008595516438,1.8717074217831398,-2.378282134554957,-4.1628245398203525
-5.111538460635325,1.0322443822176337,1.4225760896433561,-2.7160045772704944,-0.6927023691621246
-3.209224865017166,0.08006642384482413,-2.2742329702124637,-0.19476488165860406,-3.9939124171665457
6.125898814673835,-0.203769524104356,2.6718488860968685,0.3607074172920255,2.951777859286988
-7.992567205613992,-1.0091031127055157,-1.9239878251564688,-0.6208182755058607,-2.67878992817102
7.701621656307431,0.9704060201786822,-3.413870647350988,2.8495604521721694,0.10847246603022054
8.696596736554135,0.6701471210228256,-2.4856197175328365,-0.46220786635995736,-4.365421516140443
4.5345829848793695,-1.130325744098251,0.760925148895212,-0.2996383831264109,-3.0514791854373065
7.571612781982552,0.9830530832028797,-3.552683278351683,-2.9135981152674324,-2.9137570498488343
2.602385776037025,0.46558089495330074,0.3206423711311208,-1.82665144066275,0.17553978723405983
9.65772168760235,-0.22981351149627235,1.8288229798428892,-0.8929174409062721,-3.938134516114759
-6.598018004901247,-0.2202583146861909,-2.97796130247702,1.151902739235327,2.398581634022502
6.654389136255361,0.4192490520892128,-0.6892946328650424,0.22897063828574948,2.062414753966455
6.937016895896008,0.7115777055919111,1.2760315181907895,-0.969386407609043,-3.0000542675612567
7.714227699505191,1.1401147274838803,2.723937054964809,1.0734319566514685,2.6485438938138017
-2.5396303582168045,-0.738276349471152,1.4131082875685488,-0.8894117053266593,-0.026359687775627805
1.1961509832410364,0.9678198158645881,1.766399403867041,1.3384290619856856,2.6862815800468702
-4.268584974067437,0.9762785547598855,-0.8313403211242409,-1.0170261798626716,-3.6738656918688672
-4.336565875254108,0.7321143367430244,-1.0606845715497029,-1.8770605925586343,-1.608603325243609
-1.7526134823898971,-1.079401598924739,-3.372149656476612,-0.8490602795119897,-1.6290994981410787
3.355841468199941,-0.0986524009785765,-2.9562041421936485,2.1708491159510697,-1.2097499811640464
-4.564148117012983,1.0035984573544683,-1.7679019367239563,0.8216487900398288,3.003918388350188
6.930727772954047,0.5532984014392355,-1.1462049652155413,-2.1806585969837666,1.0445625627961848
7.8650401254029525,0.8555875230882505,-1.615676876911846,-1.360225824062565,2.9787999814466595
-3.9631883628063562,0.721157793215957,-1.6915366945726227,-1.026400402550713,2.0522412863001804
7.621451697911198,1.030344850243569,-3.3291497791438447,1.1028836858795898,-4.603050961066642
-4.1141407811937425,1.016589334561222,-2.1075055374633846,-0.24488344637525294,1.1818328853029243
-3.985956751511786,0.8248957679471541,0.13678777209463266,1.002419781547136,-0.9737818799175946
9.550420591192548,-0.1924052947316261,3.8482328409354745,1.2804940917962924,1.0709066611173066
-7.712577788357442,-1.1665604270871373,2.3419432338739137,-1.1034694931128153,-3.130241867945766
4.536799153256988,-0.8178781098067095,-2.6072410254883174,2.0427136608206293,-0.16973813237617907
9.964330998147076,-0.5994087518876602,-2.881455413606271,-2.418815224766265,3.2302029927910247
6.602110893228534,0.22380842053242636,-3.820949112440575,2.6548119918017727,2.5596312829684624
-1.3488831055327015,-0.7813865147048986,3.071239848268819,2.6237388907173234,0.10559824296548648
-4.226681623716835,0.931161612451163,-3.9919798031525078,-1.9567111044772594,-0.0217688830230367
-9.789723549736602,0.3203050239234886,-1.9876371996477449,-2.0935385577257577,1.2898140631094464
-3.2963193396218244,0.2544592410423849,-1.2505027007066944,-2.6802372065191014,-1.9934673614585745
4.353146322326415,-0.8523415802601573,3.4812478169983,2.502235686329069,2.104672652792707
7.526150856360175,1.0474091807751194,0.8061658046070441,-0.7420842814876769,-2.3913456549144443
-5.147459077344616,1.07942438360079,1.1062067076946969,-0.6380690678646834,0.021957924440276777
-3.490978636092037,0.25203522258766375,0.9839577280977219,-1.7133616791938855,-2.267201527123916
8.022499229580127,0.8553574345373693,3.141897604602306,-2.845809334498478,0.7460568335253228
-1.4256984780164839,-0.9527532848578201,-0.13388135389695677,-1.4170493994626823,-2.854689705687859
9.376886693080635,-0.0492414850089478,-1.0794991001776397,2.345584244791299,-4.466828041617072
1.4287235080962688,0.9867518492813708,-2.61535776669864,2.377908206588483,-0.7337641751070878
7.902455018380696,0.9067338506479812,1.8111039622007894,2.9281647311094527,-3.2633292051803373
7.927965761618303,1.022737790275496,2.1274842407019543,-1.8438399983688611,0.2556569002594271
2.628786065950486,0.393723674187766,1.3698093470490402,-1.6579477724619476,-3.8942335155273184
-8.70294185573686,-0.748243271956866,-1.3728252777260872,-1.5963274107044176,-3.485242724723928
-1.2605614756749048,-0.9978250182552383,0.07001110917202258,2.3427498731532754,-0.6764554424983267
6.550205562812142,0.19577203604769727,1.0068618135992597,-2.4150365329135344,1.064901036449009
0.5211636410446463,0.4436853837400374,0.8191242836795789,-1.897088793500615,3.616692889062838
-7.630224380634769,-1.1443092278808713,-2.4477503036129296,0.44902118875596697,-1.2703387215126858
-4.2182432415331705,0.7537596000884137,3.7818346197900716,-0.10312504236752629,1.051801064956476
-8.946674292860763,-0.42454495931107117,-3.5964040301149103,0.21301258162614412,-2.278230879064246
-2.798187730600832,-0.34671736505586026,-1.85152774730979,2.431962440583245,3.840113855371925
-7.911166686765072,-1.0722855375466775,0.13621148408812367,-1.2134065807288068,-0.934000210207814
-3.9283009416257837,0.49154899842619715,-1.0867304372014432,1.9805606691043565,0.2550338628717572
-5.632858389055729,0.6965917692561479,3.1851153089781246,-1.0523043491591322,-2.034756132664265
-7.77853594559293,-0.8351639126843697,-1.538670127002689,2.54964294736424,-3.6118988856066077
-9.470693528497758,0.13227127664617294,1.0809431502875793,-0.24038701609250612,0.967005619856872
-3.0022889942257835,-0.028042840902601035,1.57299289135796,-2.513382542432363,-3.812234408365621
3.9345067917225514,-0.9725092754989708,-0.4571659059667166,-1.0974785605618596,3.964751486447561
4.054458165574131,-0.8450781322924594,-1.0298909370670009,1.5330573687591382,3.2222880041665665
0.5698034767828091,0.658997782885288,2.2208641161081255,1.762737469419763,2.9933535287183917
-6.6569474957722115,-0.3400601847779459,-0.1406311550899959,0.12881470327647415,3.6721504801905027
6.421084329256892,0.06032630237023781,-1.0369038751234463,-2.2936241197440013,-4.2439468740723205
-1.5403811242738907,-0.9257562476058393,-3.2498538792761105,0.9341757586497472,2.472489270717027
-5.59973531548181,0.5884470585807692,-1.985489552586401,-2.1991117944146152,-1.5732315537574801
9.250196700696087,0.04925529325957363,-0.9347651496479301,1.8340534048820327,-1.3534008688959442
-5.9563020179705735,0.3275868445597752,-0.488485686994359,-0.8590438769231543,-2.7708866172318154
0.560200044104187,0.43815991504654317,-2.769711201775145,-2.7556731106469803,-1.4813205363671909
-6.169817734290046,0.19245453697330855,-1.088390488984131,0.563278565610009,1.8634605130117965
-4.4823315417175325,0.9149321362091805,3.0129606102201025,1.5802531844027738,-3.1613172091390394
-7.907739155017699,-1.0364762414027704,3.125326330577365,-2.904622178066362,-2.513117226755256
-0.6980543173642673,-0.44456677471621553,1.1420083879528962,1.648285610129208,2.1004298175265204
8.108360818964474,0.9775965045785188,0.12644706476172018,-1.2257123531945235,2.360806590542322
-1.8265331511501355,-1.1501274570103837,1.0380320897557933,2.1559558426179626,3.7130585330718393
-6.639267323164022,-0.4014540625111674,1.127386499872923,-1.9816705327121797,2.2587650394022365
7.6565044461858776,1.0163815923166202,-3.591475790203825,-1.322678556518541,0.12656898982134557
-5.885245301320651,0.46383207054310666,-1.4043679932517206,1.858467782793845,-3.2034295839130538
-1.3001005237116487,-0.7539867362311603,2.031656018267012,-2.9813697352769037,2.181929206521609
5.601479748646835,-0.43059462033382123,-1.6098862849834843,0.09624740753691219,-4.981017414960831
-1.3558855222012784,-0.9382466794336803,3.597430372249831,-1.5214296464734538,1.6037898418940255
4.028820322725302,-0.7977816897816309,-0.30591876129948226,-0.04088448346782636,0.33670123696054866
-1.8948606694744612,-0.966367109659397,1.0510361627531717,2.0684205189019433,-1.386253424210326
0.005310169221953487,-0.08908556540459617,-0.8001676955924424,0.7906712439945043,-1.293358844848357
6.417780838586783,-0.05070061349971389,-0.4839662047786186,-0.36291431347998326,-4.335043916262668
-1.8782720189097564,-0.921493636816094,-0.8899365096922365,2.5525774051038876,-1.0867947031944882
5.720854174741275,-0.5028024142607863,-1.7650107408303466,1.7285881855898584,-1.152745722059429
-1.2063432426363807,-0.9280701145299595,-1.4131086229985916,-0.4609221981722209,-1.8190510325598388
7.00886050437607,0.6438848903773847,1.0479177848117232,2.092084361695701,-3.1708920084468715
2.8159635018169897,0.1365999109814206,-2.6448028144305837,2.887692786888419,2.3179127103429034
-4.334012030222459,0.8577162803690479,-3.5018020819136773,2.890365279557729,-1.0820003150411868
-0.6763107586037442,-0.5710951989263358,-0.42685442752561453,2.389121600366785,2.0479336496543237
0.48308477285749163,0.5813592078047765,-2.5192546553834587,-1.4538785781685184,-4.446259536457366
1.8216101355975596,0.9227814311344111,-0.991472156084467,1.6349307669453363,3.884028147095888
5.861855294080806,-0.5204182849667118,1.5758297536169632,-2.6855874404146856,2.5202846252995537
0.9378444575939238,0.7882241156899177,-2.62341833028605,1.9772190760386374,3.6033073547206502
9.806671035004474,-0.3940073414095514,2.6990454763364733,-2.021021939248061,-2.2031242089966776
5.24317546809228,-0.9374955976062546,-3.636390710334049,-0.9746662782362714,1.738922563202646
-9.603766196469792,0.22868036541739686,-2.0014864991643604,-0.5944733979103187,3.0126768526652263
1.5446879491958132,1.020893652421152,-3.936814583775327,1.1672662077331522,1.7667692490218379
-9.850466838435336,0.5125631729026874,1.7824210261064959,1.460873734575448,-2.7219950552313197
1.8851021393359062,0.8876880424170535,3.903555783441326,-0.3753088035936436,-4.394581041933329
7.761008692302703,1.0751775302120705,3.480360781193819,2.9955929631802825,-2.7787013955021322
1.4325571054420454,1.1036209502605967,0.07757737045344815,-0.1085984035885339,-0.2969689066818404
-4.268269858936689,0.9588028981076704,-3.1894529780581937,1.6290214319814638,0.792171648198086
-4.6522453760863725,0.8987974082699337,2.4746556509519797,1.3851539820338168,1.3225093582435319
9.068936163004736,0.43574943130496374,-0.957990804382403,-2.841190010218372,-1.9997044710221532
-6.054412808099077,0.2725370955918406,-0.17309438567315638,-2.463809843133149,2.0088788068934598
8.99810603330232,0.4584841184202154,-1.7797508469194172,-1.6783899585626734,3.2068521212020187
-6.45466505493399,-0.309121403910011,-0.5031202182367176,-1.3023168322714551,2.8422947754465344
-2.0456600937511604,-0.8516133981513327,2.9692428914898157,-0.04610404618169994,-4.542963273170463
-6.60139755387033,-0.4701227906940242,-0.6957035479340581,-2.190588357598644,-3.7483211892141837
6.751195066799653,0.4927598108269617,-0.447186653598445,2.6458108936326825,0.1465114115596151
0.47565893500888734,0.3332640342651483,3.6939891871837984,-1.6408482888049611,3.3506659984310403
-4.623508532087044,1.0648624539226088,0.7146103607716201,-1.0995261400404184,-2.3918238725598955
4.955468501012971,-0.9799533717488683,2.6159014556610893,1.871296942539499,1.9165964069530599
7.190014445198273,0.7943581308608778,-2.1612207743236755,-1.1899354857547255,-3.775613825300033
-6.68098428011529,-0.2907719518108971,2.693638784055871,-0.8521484760734968,-1.8084277851095605
-2.5015965740714403,-0.6296445055034681,2.8965776902930926,-0.2108716828920043,3.1433442398272025
-7.74528776221085,-1.0284599118692241,-3.2287074924804555,-0.13672916078905573,-2.5300233294074532
-6.483600816365285,-0.0378173783219862,1.7523732132018761,-0.44549110273097714,-4.693294993600206
-7.602209702187319,-0.976798963612058,-1.3298716194473288,2.9403427032633633,-4.584179137050554
8.151453694347794,0.9374629395882619,-1.962876086056096,2.058699440442571,-2.3035579993058066
-4.113179576386097,0.8121735323857575,-3.0498683049109454,2.946183138619217,3.6778531427663825
7.137295776153618,0.5539867872307915,3.224108628929006,1.7414784460784247,0.5176331885317023
4.965826228918079,-0.9332441736891018,2.562075355795427,-1.7311165746809583,-2.1317802259885426
-0.11423057573721707,-0.24786751586765665,1.8565315550809443,1.7066405938150098,-4.2353415115704145
-7.4103699171717174,-0.9667060863249215,2.7529253718249205,0.7157220663723298,2.1113695954521363
0.5051869710577055,0.5064616792226107,-3.4391810023171487,2.118576638372721,-4.5635571983147445
-8.940345734219195,-0.4382991721365902,3.751334158479467,-0.4459170558930392,0.1522202169565663
5.037666025890186,-0.8199704215554847,-1.2002981760887277,-0.2727332653627501,3.1816068716320345
-8.572818893968527,-0.512292359303706,2.044290473483679,1.1031364785859683,2.352322071692959
-1.2504047894616583,-0.8242777590163263,-1.1637613788533656,2.509923059362511,1.8289437474644714
-0.05540142428407613,0.07995751991848044,0.832708852295748,-1.4209504341877788,2.184253735574222
-7.303442120391708,-0.854252783204878,1.8816950369032668,-1.9927983326356464,2.1706272153239237
9.00037180143283,0.3612293273241236,-0.6875139345786696,-2.2092159354221623,1.512083292139434
6.2187855823574125,0.19732146242208465,1.2841078447948142,-1.8893971913978342,-0.343306690487891
-0.20208276665009706,-0.25714637528269635,-2.14086393893964,-1.931932552719507,-4.974889086318064
1.1376505025677055,0.9038697717426587,-0.7746724679160817,-0.9928639845031184,-4.43848918990062
-0.22905205241409732,-0.30201269497275957,2.704163767564684,1.4035417591976103,2.517399481202091
0.6513613318376184,0.5830918005395324,-2.2225459669653533,-2.205076391475971,3.303680899726926
4.061922818613429,-0.7143681825086526,-2.2158705275943307,-1.536978784662643,-0.016723421892064216
8.073321277379616,0.9454559137169183,-1.1480052109184182,-1.59674908197049,-3.2939376473478243
1.6607527629287926,1.0975558305436195,-3.3453749657082135,-1.7108938424019693,0.4354611874563865
5.863192807382685,-0.35210056741473433,1.0941755426825743,1.8523389783902022,2.1583773592473587
-6.858976043071423,-0.3379996556548156,2.4247779015557196,1.9639755015296814,-3.2244584380600734
-9.267674322524107,-0.29851690993642876,-2.039209423620971,1.9014850910139485,3.627836509080673
0.35661208287041823,0.4138134236567786,-2.8773299485209893,2.3399849011123273,2.9607468006422977
-2.5864642930090476,-0.6301547534526505,0.1878548065128962,-2.6295770278981463,-0.3164847620318776
-4.270207152619003,0.9324226136709827,-3.891640093028898,1.3298765927998675,1.2439277291579547
2.265654717808644,0.7182676188164707,-0.7299952484391445,-1.5906135660056009,1.0862778930414345
-4.174613288030457,1.0030064541033556,0.2903159016876309,-1.69935126304042,-0.4408188707409284
1.7261597709077865,0.8232308563544153,1.2228736683200419,-1.8315073018607155,-2.397116191456168
2.1191573590026813,0.6794105517870259,-2.9973091995734933,1.7749225375276154,-2.2994634674300203
6.960780834983961,0.6390265366179532,-2.16222183196363,0.8198557002441103,0.7186023272874706
1.7971971614009146,0.9075267552706126,0.2127969897098385,-1.7453449646720454,1.1844869454865332
7.062389004151157,0.6832826756599192,-2.1110556747558142,1.3962026874417042,-2.4165961463197014
1.2191027040222995,0.8632261400070054,2.5038687984529657,1.2746634590828068,1.1028752885343858
-3.1644795583192886,0.03681579809219151,-1.1632806135447504,1.023868175166629,-1.4392479849170279
2.3314835833984056,0.7370105892467723,1.235476751575538,2.6213199836096654,3.5008252631503503
-4.128847688024269,0.8968228233085418,3.9215113933978634,-2.242778132822216,-3.467137815220833
3.5557386901615153,-0.20973450138424535,-2.2892731949803435,-1.3681902797723124,2.8667683600704406
-4.229094467625987,0.8243584894218525,2.228072997695447,-2.2370941613842232,2.085197328448298
-7.3713525329031455,-0.7603667289142844,-1.3876675103423306,1.47320193122352,-1.7348122395812084
-8.945950957343236,-0.5955665873008147,0.19234074205610607,-0.2807277467394691,-0.7971356155113982
-9.301344981457948,0.018443264205885185,2.909035391553788,-2.5732960891219125,-4.749650229690358
-5.100090457083651,0.9209028809275313,-1.1581333848812028,-1.0318908996544398,-2.8151554318380905
-5.338893610827318,0.7942621858136646,2.9354097828632053,2.5816693142973595,-3.7566891366428474
2.547795864920044,0.5670282231645971,-1.7684227577319112,-1.2867968779388959,3.7337445433908716
-6.018528726971577,0.23743258550637053,0.5216580983305947,-2.370865063735182,1.5538060545357233
5.047726536738056,-0.8515198123237803,-0.44178520270222954,-0.4502954347847625,-4.678806538046078
-1.4694725620336762,-0.9540510429646861,-0.9219961070112026,-0.6565151600946662,2.104663402314662
3.1708140339312827,-0.027182601895006906,-0.970454347401617,0.6401633397750124,1.6083469266251296
6.409427699165992,0.06974339406902563,3.0026500022168054,1.978736282008466,2.200194387938229
8.029612678841897,1.0566062379412613,2.666538609693167,-1.3778799902934677,-4.366210682435588
8.89302545395087,0.568041328937079,3.4338281850345638,-2.2843736422543848,-2.610326860078978
-1.769770872450362,-1.094891469804027,-2.4567133958693343,-2.628931505876176,-1.5281950996987557
4.024406361766422,-0.6435118502227746,0.6988544650004673,-1.9179071669018752,2.890793532362525
-1.5537685965143133,-0.9403850320962449,2.103118412737806,-0.4954496134638591,-2.7132386999913183
3.086603701370672,0.09020120164467926,0.9016984584518406,2.370886578748843,-1.472373115977767
-6.4463225002502185,-0.1552344055601921,0.5034306134596571,1.6655400813621206,3.9971674859442583
-1.3502549998430275,-1.1188629027753558,-1.7380518452833504,-1.334788895845098,3.359446381378291
-9.256549908752232,-0.2432122281474084,2.0054010669071696,1.1693114788483427,1.662115547762875
-9.623903956230924,0.28306932414920644,3.0673206025437176,2.189280197928918,-0.4263923211192573
-6.790239488599472,-0.39427774910141394,1.603997508923575,-2.539419811799095,3.9394147051465733
6.634531561297237,0.26767759388092305,1.2070276135809284,-0.4679825084450089,-2.4244036935178386
6.464446031979719,0.2102152519042485,-3.119862271955327,2.4819449869547068,-2.4818627204213293
1.7372154207192043,1.0020928298299996,-0.8916317052581331,-0.3679916165331196,2.1747310857139555
-1.217589442629139,-0.7437811504872208,3.2637606473818312,0.4319906717840927,1.289509271717141
4.496235332186584,-0.8827419674077301,0.9751649667705644,-0.9056048471828042,2.698145876965407
2.2154948440019915,0.6223057031444515,-1.4874457045441671,1.0404197688517476,2.6815089222699333
9.632945593258874,-0.11362072938697661,1.520800122034947,0.9658864629296229,-1.2756734552852245
6.437963721202561,0.03594859666040938,-2.5969728713447973,0.03677525869493614,-4.570497557466661
4.120128588009134,-0.8925702652720502,2.1553835372188184,2.1908037860485994,0.09173216943774598
-5.9988338098939735,0.33622477291020303,1.480590744346233,1.3704967148558698,-1.5420579845952012
-2.5151122675988997,-0.6178878342648584,0.9398407603556267,-2.2984681786101397,-2.8231461864149416
-7.271414427208452,-0.9338886380189753,0.15358334692875797,1.5691283320941434,-2.7854528372625973
-7.869070692575686,-0.8743907809519011,-0.47234822621659234,1.4719809358608922,-3.0849061955616226
6.844107088855672,0.5225658008878202,-1.357365782678463,2.954466029642715,2.9971487378895274
-6.606761479965764,-0.5282176205512796,1.9988136290843501,0.04260619879063343,0.1624651684531475
-8.548269873339569,-0.7176735459378558,-3.074346644634428,1.6155342662383116,3.5440559769607916
-3.622406833314824,0.44431332106471044,-1.1048466303532498,-2.192826031048206,-2.219380943537695
-8.06310873010675,-0.8592257810752026,1.726999675368372,-0.7763301430657981,3.9899459260476853
-7.151412205698467,-0.878477603800539,-1.7677560468950002,0.5058173806636921,-1.5689857027193463
7.144557830904677,0.874470203393566,1.3819171969319397,1.230634965486617,-4.0650552586826665
-3.506318720639383,0.20499010406691606,-2.5680415300950195,-0.18320384310532845,-1.6958056916190194
-9.259453948354462,0.04281559751253003,-2.727513043774694,2.686211978225587,-4.050002309415367
-5.261396164344243,0.8592834054781601,3.043965620475885,-1.0885897530995006,0.9678906525502278
-6.60244060949516,-0.33996549602445647,-2.8113137994496737,-2.1021717188732323,-3.061554425175011
2.2137989480713394,0.602159182689777,3.370187576202741,-2.7073170911052094,-1.2205245351390452
-7.286436913797793,-0.8526228896371298,2.9607127495813375,-0.729507277985884,0.002135921338283886
3.515975391822346,-0.22882733345231512,-3.3741338007313644,2.0814363022017437,-4.564040157325872
-2.27661506816802,-0.7812932467105098,3.170346529816369,0.7911102558472267,-3.9296419447835356
-3.7290566878129283,0.6817568778372328,-1.1803653079914707,2.9427557977470924,-3.3687405342482863
-0.7729795754881472,-0.7812633126467033,-0.05673970795174377,0.16263247585706297,2.8334556804468543
-5.298562267896392,0.7777273385536936,0.2767445141360856,0.7986124243369304,-2.4446441823875205
1.6156791773090085,0.9341480304884361,3.424171352717103,-2.1749275364237395,-0.8547292852322848
3.4401962692794985,-0.32091621735496045,2.9243723535942276,-1.3047749896634904,0.04588861881296058
-3.8765968897096714,0.6449999850821617,-3.8082687028482454,-2.6471120244051436,-3.0109925343320016
9.472939725158259,-0.14075050831802388,-3.2030724385125353,-2.7199383433405435,1.7026869010469516
0.45144134910722045,0.3656317939379231,2.832622405691458,-1.7079740934050551,-2.9412830056356225
8.818272256876082,0.3639789839810651,0.7878871019039613,1.5218081815328768,0.6924504607615702
-3.5992436999799837,0.5278822351163114,2.1917199203303435,-2.069438993372029,3.8662274550082074
-8.58223837235096,-0.8807705131011838,-3.309124381712393,-0.1745762006590299,1.4600475540382813
-1.4773216899902692,-0.9081351081891358,1.8780507165417184,-2.7662939306342684,-0.7688876298172254
2.512668632664628,0.48556714264334894,-1.645424865374391,2.855800522279435,-2.8499601893510933
6.31544880779073,-0.048124405310142164,3.44891563295696,-0.6908187817340936,-4.321881436875014
-4.366456320145186,0.881639081659761,-3.563423794124546,0.13958497245916401,3.7288647945709172
-4.194594495366061,0.9894851942291961,-3.335964867081173,0.17736707260823792,3.429380021436229
-0.6962433549171152,-0.5516007720141325,1.6672839998633826,2.2078095645682065,-0.49248140083196024
-9.511816973078226,0.14972539704229834,-0.23276705835682598,2.0406490249481815,1.6499069474401509
-7.893672968453364,-1.1198343702723723,-3.3588195812223374,1.944670653865078,0.8823660489094962
-2.735139697029547,-0.38630203006663805,-3.7620835087411137,1.6044283744740202,-4.105213656703854
-2.6752671627647517,-0.4777520119309844,-0.5816811130406085,2.71048107691315,0.30467719391819514
-5.813635533992421,0.32787872967352777,-3.650982344548643,0.9730737462469508,0.32256455113471283
5.150440413952008,-1.0208928934815955,1.0142266824979878,-1.808846826804342,0.001611632054711265
6.7812828468942286,0.3470556691692157,1.7708733359447448,-2.7369878668865044,-1.349496108275582
-2.6167183896401935,-0.51996116784164,-2.495711483229467,-1.5325633282462747,2.9644497110059422
7.385542028236102,0.9860562664359859,3.3787278216908234,-1.1328400709902364,0.09447336711938181
-7.433520464977268,-0.9185975685977151,-2.410580049958215,0.43795862976599675,-2.5823187704074098
-1.9928351942778804,-0.9344164320382783,0.8462728627062273,1.6379408786035174,-3.4108168240649666
9.269211286808986,0.2018372755296232,0.040497089226201766,-2.766403298561186,1.775816289737338
-0.9082639822565604,-0.7887308211742396,-3.394084712470093,-1.9311483693664386,-2.9778796467208064
-6.886920524190538,-0.5267494382462923,-1.6419607856630103,0.974923275310597,-1.0399540259396458
-3.0123515813492396,-0.11267707297081204,2.1581695328370696,2.372474336299594,-4.879572083124013
-7.685205571385348,-0.93281444437092,0.43939089501720474,2.9142108712862242,3.0158481354029476
7.796662582319723,1.0604370065491695,-2.4501377565305553,-0.7553314611698347,3.3151312120029406
-7.551506165803799,-0.9212556518480525,-3.4027499217098,1.279435827123538,2.4059126130890496
-2.846844217691407,-0.36452717822821307,0.7209715831184313,-2.8399055032822984,-0.006551913183977298
-3.4541288285270078,0.185232745565933,-0.7902912764262213,-0.08976523461023955,2.4622344738818676
6.285485600458639,0.04973597494546566,-0.44648525079403445,-0.7256865955880096,2.679705327758648
3.054730051794712,0.1223873079509768,1.4672928562277852,2.611650608118892,-4.157153839513847
6.0241783678974095,-0.29716782109442136,0.5416450447759855,-2.064416174583088,0.2613007664178424
-6.505010925176807,-0.11857628583146046,-0.5319925612090772,1.5756593109107495,2.9336297365833364
0.4286332026218247,0.4243111900692129,0.20660308467143906,2.8101612037502903,-2.4997290402451244
1.527071374078714,1.0180132694921795,-2.794783599511395,1.044219725583769,2.544137119352169
5.192391076175838,-0.8314658424580801,-3.9423178595818005,0.10683763931410306,1.6499204926189108
9.202297221249246,0.23676633662292174,-0.5995369843317695,0.48652489398744336,-4.173028343321244
-4.497851857096096,0.7985576032779218,0.8230901398250641,-0.052833450833119855,0.37911381451800796
6.121172445744943,-0.26835070805418504,-3.3825144096541466,2.9930210111475546,2.245137776977649
6.83123338003853,0.44625273086714873,2.3695456051508694,0.1662882798183274,-1.8128639783987373
-5.735257766362423,0.39030609745049427,3.5322103534903997,0.4890707010292292,-2.43011285678757
4.978533814749344,-0.9779321409260231,-3.0379933354556643,-2.9139330463088715,0.16540405223721244
7.924731585536858,0.8552356894448312,2.1577127488815497,-2.898841052285834,-0.08232182963282053
-3.62057672713828,0.4438539679085633,-1.7628908903200502,-0.9251586402843817,3.050025210509423
-9.423727420947593,0.18294534544069066,3.7651135170794205,1.520522435106967,3.4324722988111542
3.4288571550581963,-0.2977655179334192,3.098010646328307,-2.719554180531882,-0.22220804326359023
-0.8923218198376155,-0.9017748396857538,-0.31459618671762435,1.2929083306629297,-4.357927615839924
3.8599587816031047,-0.39907191688231053,0.6365634215565592,2.744456230521724,-3.531430040481021
9.54458898276005,-0.06738238859883719,-0.608579459528312,-1.6706803518699775,3.7888627645348834
9.604329375052217,-0.2349557614860456,1.039286145363814,-0.8920982837176235,-2.5146357583247148
3.5248516720142202,-0.42920666318214185,0.7615029085944984,2.885402488620887,0.19274848021717617
-9.749951857154254,0.3523087974732796,3.5270673425062986,-0.39780959427890483,-1.6668569876405934
-8.836203475801586,-0.5428618175863087,-2.8620514743387195,1.245301137325744,0.4000839255209421
-8.582408320751899,-0.665974535919833,2.6925799412334763,2.328608281696658,2.363900428879944
-9.290061098663267,-0.29053416186252695,-2.142423105496743,-1.8627600848634367,3.1255476148220556
5.313710492945944,-0.8167453516478277,-3.005205955692716,-2.25504419214586,-0.12515686614871857
-9.17358013009148,-0.33774877704786016,-0.18252469544109662,2.1987553502455723,-3.9289564608383403
-5.936222333180259,0.47856523847653376,1.4360498757425448,-0.47527414072547813,2.055167172057348
-7.267874807467671,-1.0163299801763646,0.6074681779967692,-1.6031046423934876,0.01832514618000136
2.306868748560637,1.0249031171318577,-1.640157147801296,1.166689488383395,3.716968247761111
6.271812024290423,-0.00342445738556549,0.5048096497345522,0.892040509122916,-1.8163005055195316
2.0383635445358337,0.8916489764993122,0.153864278373387,2.8578749413353375,2.233624364962232
-4.382123874060431,0.9093826417712211,0.29344980859062364,-0.3706248938315846,-3.6357733408930946
-5.589773533320592,0.5178866590958855,0.5005767880471961,0.33723919007111514,0.11282564475349677
6.5454616896574045,0.1824235945370736,-3.6359476829949138,0.9870060175436555,3.499681746529806
5.714193264224036,-0.6559066695933541,1.75708212230977,-0.3313801631901345,3.8824324054042396
4.327628729965685,-0.8593462520378977,-1.045224408500684,-1.745174101409121,-1.8977956862216652
3.045062595896182,-0.01482584781968374,2.614618144995288,2.9290925928991456,3.5949302878759166
-3.8092461490510177,0.4912682427642443,3.3315608615990033,-2.8229447593382253,-4.294351229127662
-2.9594444825948845,-0.4235296635980102,1.9192488509531094,-0.2620856650694745,1.6127234486239823
-5.437886601119962,0.8041385764123002,-1.8575851633161653,-1.8412612761477956,2.449599800046415
-6.426112678060449,-0.07497333751399687,-0.8134580675427339,-2.383380859532172,2.7427337312863784
-9.43410885456477,0.08290631283944938,3.9083734199852573,-1.0439325635362091,-2.7836177601676946
-7.27197350471392,-0.6970639055860174,1.004628764860854,-1.8211037599549946,3.5481005293882095
-8.122785702735042,-0.9395645243159318,-0.7555851352701533,2.2538069887342687,0.9772395279406538
-2.9768850297497673,-0.11563786380836347,-3.7461234992309835,0.9880436301109707,-4.027976542351755
9.135597434201689,0.23450660719437824,-2.1018000041084157,1.4886246712062743,3.5184411197321097
4.479241577291695,-0.9352433941065604,-2.480527216520315,-0.31146314586042934,1.017904181631538
3.8814146273089545,-0.537987478824106,-1.5332716535341842,-1.8604368753428628,2.282761594631049
-1.3684874105118077,-1.07556358606694,0.12596984387559385,-2.863389714905836,1.0563724766648894
-3.302611514419162,0.08336170617647921,1.323391290210587,-2.6944389061460763,-4.305934181714752
4.960073217781195,-0.9358885908052997,1.3701737291064608,1.3527628076111347,-2.7337708602099697
9.089546216271934,0.1475138640767668,0.5797359692682171,1.934988713570089,-3.5833419415014296
-7.358467197804988,-0.8477092838237519,-0.6005886338265585,2.4257636562318394,2.473750840995037
-3.8568885690774435,0.656064572071084,-2.7246908706725446,2.434570863295999,0.9988128090585047
-6.479087204479017,-0.1808688180381351,3.4625715921271913,1.5465950809028763,-0.21347417154973325
2.0044822242202187,0.9612348248556931,2.9309321850612315,-2.631134299384219,-1.7189912033972163
5.468979417802975,-0.7106899382796397,-2.3334656299706564,2.9721705308172712,0.34485596441894817
-0.61807089915904,-0.4492650827661119,-3.1279902048357364,1.40396789357486,-4.761467659728918
1.789268880985519,0.8635530155046856,-2.9513600443780748,-2.8837800604253685,2.080440103464749
-3.1760006742387077,0.03302539160879668,-0.12775655094385474,-0.47800282076914247,2.0682538749725676
-8.421445393534624,-0.9304320438226771,-1.8436502836726687,-0.19883487790506216,0.1545263729910653
6.895375868751408,0.646886729912007,3.1689244427026955,-0.5818635490434936,-2.1306430454093377
-1.541588720494369,-0.8834169362587532,1.7941042600711326,-2.7478502198697727,-1.1079557140711462
3.5864007462527923,-0.5630165577408943,0.19197520877194751,2.0074871117172597,-4.185905625974197
-7.0569956509424365,-0.8329434618175795,-0.5556490066951287,1.6759683617282413,-1.9812288469933126
3.5741143032448353,-0.35304815928851585,0.5702379004636358,0.42184758775451403,1.913576504315575
-0.6702689297442017,-0.7274741698085031,-2.032617410836818,0.3629082289965737,-1.375160284491869
5.955394310565701,-0.42539028613095375,2.547585916831281,-1.9198065901888477,-4.843683066566534
-8.349049321608273,-0.8069268804918315,0.803165961200337,1.0937830395836334,2.3728328649790438
4.8157720811630575,-1.1807492732645657,2.670078484444378,2.3766054027478702,3.544341632407477
5.861688674835019,-0.36218510247874214,-0.7432154675178273,-2.3182099190760495,0.40347092413326013
7.42688784790117,0.9492698384686838,3.663778901286296,2.6118570919298207,2.1606159627151005
8.663756877464245,1.023443046571964,-2.5548835793486147,-1.930197373411877,-2.2374697063935285
-0.8541281898102486,-0.6690177598580951,1.5098302217877224,1.135095127360911,1.2115013675354636
-0.44537654452669173,-0.46452283463405686,-0.9759321041730882,-2.1803557773361026,-1.340377851209758
8.467219411586683,1.0927995106987247,-3.4947206562396493,-0.03208705715188742,0.07204300892399562
-8.44314563664784,-0.8214962671967292,-0.35339017172150555,-0.5532701494058507,-0.09519519081747685
-7.5860872932291485,-1.0289141512678703,1.4384244272887106,0.07069019045013114,-0.762365215271755
5.243185231685853,-0.8823673758061007,-2.2416133191019316,0.02474816483808162,2.399370062022646
-0.6779563605548908,-0.47594749828489746,-1.2508506351594626,-2.9585836516789823,-1.388882722267649
-9.765421699196771,0.2924708411866037,0.47665944412534067,1.50547717890064,1.941673920738408
-2.1009963662144386,-0.8107344299278579,1.4801204913714354,1.1468957656593215,-4.812172948925533
0.465882366416249,0.33316627118355924,2.47698179587808,-1.5200499076194363,-1.5114373101950935
0.8747146973941593,0.6410799160691388,0.6810319384155124,2.424899536617559,0.8807790543541296
-7.231969095177011,-0.8489819696513327,2.82235075073846,-2.162001968633411,2.0032494741595936
-8.70099110426722,-0.6378910814493511,2.386271358809963,1.4522042284966297,0.06812593391569699
7.7140411409674385,0.9572652399772583,2.3784322911633673,0.8099094935430124,-4.699132682685854
-9.44577012946558,0.08053913954004094,1.9058345977692879,0.9755523116179226,3.1871513923940284
-2.0063399382425873,-0.8668398712021874,-2.5673739413198975,-0.6073760021884924,-1.1097233472384649
-5.179358727088317,0.992542749965271,-1.8196152122255231,-2.083109095884777,-0.7986213378142839
-8.311061005807908,-0.9918992114749352,2.765696711463483,0.41558254505163994,-0.497377107951511
2.6489015626131955,0.5680252616616351,-3.0326197271174093,-2.3293276805000787,1.3010688511509194
6.234738330299148,-0.19504431750335127,2.8764859851957842,-1.7770023429216315,-0.6321473500512118
6.354032668699684,-0.01652661434732644,-2.4964462043172597,0.30762381522658533,-0.1293178488756732
-4.069515599149803,0.9505555056985184,-3.085403951402591,0.2882996255870309,1.3162375215966078
-3.3835358878267314,0.14694127855703154,1.8773582169802854,1.3209390279629556,-4.455131674593586
-6.559355307743697,-0.2894906420212883,-3.2614735270686586,-1.2001988150079106,-0.7791604593584696
1.4410464368881222,0.9878540643091278,3.0535569577728516,0.84942116243068,2.871958121467447
-5.168126200326862,0.9090209049294284,-0.6753514511351248,0.6587447491107925,-2.306650874944722
2.8270932349007225,0.23060356946218202,1.357634441062383,-2.702490637055308,-4.2226592224343795
9.09824316646069,0.27052772471130915,-2.7135905724534544,1.8260812121326682,1.7334119419243033
1.6207318624568412,1.0901895273511544,-0.49238192370753886,-2.4585716990841795,-4.020753296651217
-7.762500745628871,-1.060644994016363,1.7955622886365878,-1.0483909331379087,0.5550295931984692
-3.7940720567954944,0.4811640233110179,1.8819849293649682,-0.6906258841927748,0.10664071345281734
8.929714450691101,0.236023043837349,1.9242342723088743,-1.4927776812853497,-2.8353795103138113
-4.930244299100847,0.9532735394344143,-3.5733118125961054,1.0636277938450087,-3.695774113055853
-0.5245445933606714,-0.5490237762034396,-1.6732765245165346,-2.9130031551034707,2.851122400252388
-8.659522629665876,-0.7678142713743954,-3.806320053294562,-2.331441614715049,-0.5463053470857062
3.115202912716992,-0.02503506563688355,0.5204804869054103,-0.037240288723880965,2.6426158669427826
-2.5200376993944023,-0.639608673877369,-2.072499007244552,0.7073190496268289,0.6442513361622408
4.896520129967394,-1.1141804360318546,2.2219065740397204,-0.9435687999721489,-4.066607325818081
3.77635083922911,-0.6838101283296192,-3.401902426288829,-2.9918351524924134,-1.4279696368621382
7.454330179480554,0.9034702346801055,-0.050173581137396006,-1.7200943232628234,-3.1526598143039237
-8.04443232514659,-1.088394284236775,-2.1211473812201485,-2.554690316599644,3.155558264356701
-2.4918534345704924,-0.6289716981750492,-1.9352020567836146,-1.2205338451034666,-1.378784556944908
3.452845222555073,-0.20941463213202366,-2.234357873587541,-1.146215454283316,-3.2513586485613644
1.9872016316337842,0.8385347457881659,0.915846416819079,1.0499015692532971,3.2492408261204666
-1.0367207176017494,-0.9302745264310542,-2.512606536288149,0.4496708955882145,-1.4405967369968065
8.762692352179265,0.6160770810679984,0.6323292474646758,-2.4107781898880933,1.7464167749764652
-8.172892267261155,-1.02455147880633,-2.6390255974929415,-0.4907120698040899,-3.7712550268268723
7.852801405187371,0.8761087222429259,3.531340159377601,2.644808952756234,1.4144426075825898
-3.0510897116858704,-0.24812664824308445,2.693959832423179,0.47795155048664295,1.2491859009723694
4.454004649279796,-0.9712457688453013,0.16734314513052873,-2.118816920114395,-4.674712224600958
-3.4554273958423547,0.31316975110552236,1.282644952185068,2.222044479417727,3.9527252535414856
-9.37112771729274,-0.11436945088962681,-0.06618566598587172,0.008759239799934537,-2.9365747325635043
0.13503034766538136,0.047847905027500956,3.648984845191068,0.5121989531153313,-0.40862588736793803
-8.356537931626384,-1.0532863015645983,-2.4809562304148027,-0.837581250348054,0.6101553762886862
-4.129029614679192,0.6927967174313654,0.3627903930419034,0.5285543286873513,-3.367292528065671
-7.830465334650789,-0.9445251528516935,3.3710622546887237,1.8693154456190388,-0.22504714637498413
-5.08455079532591,0.9124150442727246,3.484626160750282,-0.3821110694028116,-3.6140298800611763
-3.8191678540969214,0.6820553099905355,3.748092574622823,0.5423828406193856,2.1542377252642293
2.6170675011434277,0.6471760348329081,1.8064694749852581,-2.379209761829537,-4.914096542517744
-8.34184950255548,-0.8195119894654097,1.300443288135929,1.5424446110104935,-1.6830067748100563
-2.741762097316542,-0.4502541976468703,0.07943177291147041,-1.894926934364737,3.1401194503553462
-5.448159243727739,0.7575661626583221,-3.829118818650884,-2.637664096315583,2.0020919757421707
4.056356508474433,-0.9810640788600302,0.564389743790473,2.4597700577305526,-1.606861954835069
-9.39012766609573,-0.049316019023995135,3.387993070632503,-0.30736464613415526,-0.42003436971148655
-6.133165639847686,0.2310976190880006,-2.5133213100957477,2.97481414311065,2.0175687442647083
0.9715018812346763,0.9059016120045257,-3.499551563863844,-2.65687383197504,3.8399967489036033
-0.5234678599780089,-0.4881303421378028,1.362820593708391,1.198624621240608,0.7405416796267259
-5.949326822648899,0.21819954553464388,-0.7237227123528047,2.9275743368572806,0.22126218663385888
0.7082518947654606,0.6861449415466994,2.500814137142841,2.933763425928359,-4.067923585032307
7.583153279013143,1.1528817059935372,2.4142458987383284,1.7337395778414884,3.8486159831895446
-5.366390068280927,0.8544133584944605,1.0973425193099215,-1.4171332635978866,-4.487702605889496
-6.580716733215411,-0.21994946974756818,-0.016839419417419954,0.3351388942469109,1.4211658296276566
5.550701828150817,-0.6008621877174544,2.7664849934376115,1.3052661286179479,1.8801139463700505
1.443002659743879,1.1304434525567395,0.21645875287721594,2.6986757853353556,2.300479674434266
-9.355916622957519,0.16730121828278105,2.6656467590322697,2.722229182685208,1.00239936505218
-5.440405539144823,0.5905579514537176,-2.6643862802445355,-0.37020790924520863,-3.246831419017955
6.269363490997414,0.021597265913842457,-0.403585229515504,2.1986988743869214,-1.2034993718637246
-2.4772156620089314,-0.49098119277851804,-1.3007398571091366,2.70395349388402,-4.989561100959662
-9.123226868318232,-0.15190491346131743,-3.9030611775415105,2.8034876000573625,-1.3527440992243318
3.6278284317146188,-0.38663307244188777,-0.9743627428445425,2.8331543193594877,3.6870468825014235
-8.730626624040113,-0.562946213579928,2.5129365379127693,2.9685318335758506,3.696792068379123
-6.591501646692914,-0.36227314820056555,0.305300789877859,-2.363895576736719,-4.194861443622422
7.237706124906786,0.796717778670047,1.202694846317156,-2.814929584614727,3.8959091294047017
-1.1829849262201524,-1.0205517032031177,1.629268703341812,-0.6281133985312559,0.543375991800823
2.8546823492494156,0.17547161269947203,0.005949871519608685,0.8570483589199558,-3.7322063748774466
-3.8381703620839724,0.7200153025869783,1.0148362081150886,1.230051536878805,2.5423008361507486
1.761233216364193,0.80748198745251,3.6017781446052837,-1.8429032481042271,-0.884288895078674
-3.1571711934887814,0.09765564280655843,1.9976500173401712,-2.4855604375001823,0.9659358821509656
-7.376662240534479,-0.9521657640722558,0.5367054274441276,-2.5292182451483574,1.8230489000591428
1.2153325435185476,0.7419208684155513,3.9843862607071143,0.441476402541634,-3.998603506121975
-5.89358259409519,0.2601573061765725,-0.71322206873577,-1.5893151539472898,2.1241657482357477
-0.7369339717904317,-0.8035598358444591,0.7599176915571606,-0.6489482921901857,3.8562931940815517
-1.1975291107375696,-0.9600008314664084,-1.8999365115210844,-0.4819788302416992,0.5132370531630057
8.897355059541283,0.5440705849836116,-1.0378466278884364,-2.7533684537304333,-0.14928197349210848
-7.271220227361923,-1.0306188521096025,2.592280961942061,-0.4453529890011172,-1.8573831411843211
1.7546803217358473,1.122300489056335,-2.021460766079641,0.41665003720188487,-0.22436002833277957
1.142550724008352,1.0973397250905166,-1.5030891080896023,1.054950529891431,0.702514160644788
-3.517274786381739,0.28432315951522835,-0.5084596891807553,1.2789251127812262,-0.9119124613305765
7.838602754835318,0.7987257299393973,1.7776306177871426,-2.034164210687039,1.692710057545714
2.864685085626835,0.28634715323976906,-2.4015612789130323,-0.5695002583333011,-4.788559964339469
-1.3695505724934023,-0.7466525610173176,2.3610254355540743,-1.614404903492983,-2.0951153176046926
-5.649672422817664,0.34665131042516795,1.9477306090227007,2.895909533772846,3.132817107597651
0.9237244038912422,0.6293489342193794,-3.583493561866474,1.5294851744385634,-3.10002344077741
4.475621069166138,-0.8107812308893012,-1.8990020172289475,2.8228422388139096,-2.360645119706464
-5.856787986124954,0.5066072301557084,1.7909921436125575,2.1088328269438907,2.3916799556561363
9.32464877941969,0.2601711065553507,1.1452192696751018,-0.3848892401082704,-2.362887395421623
9.06739344386806,0.15801928683552713,-3.4644257621016745,-1.0226998944350205,0.3719184063402752
-6.939225198567605,-0.7201091189288396,-0.7039832064654714,-2.631434675054959,-2.874509826768867
3.071263828795818,0.1569467757320694,2.485848724024189,2.955974886340176,-1.1579916390065477
-6.656266684455248,-0.4862180423249829,1.067133741702837,0.9348731825643841,2.880470197034523
-9.741056345547548,0.27432718833001063,-1.9027518306389677,1.6492190714099992,-2.818387085327298
6.755765688287401,0.5654879431406736,-0.5653504222924024,0.4039373092961176,-1.0744026704246186
7.626219449873336,0.7941204951665268,3.633786908393522,1.4901772495399124,-3.8240077243999604
-1.842912397856706,-0.8870968761241346,-0.05988570500406709,1.6775467344659756,3.1206851164029175
-5.901145192940039,0.2857925308505778,-2.9907299185704694,0.1161709512897473,0.012731722848424276
4.046723566997937,-0.8936899545954164,-2.939745350050451,-1.044467035375955,0.5337716825241285
-9.05656269130761,-0.37110986943547114,-3.0018749182011817,-0.8727372825741648,0.02020946411678093
-6.331806760966671,-0.1271065476131893,-0.10458743840392426,2.675328525140717,-3.455434953676687
-6.684001071708234,-0.40188956935825415,1.013183155687181,-2.3471553843761104,-1.6451851336031758
-6.448083893684007,-0.22916038981698977,-0.10862830939300583,-2.0059556656236808,-4.630468492701878
-7.513158757163822,-0.969499414219941,3.922095209311741,0.9120561526280246,1.3709775134188575
4.880419081000301,-0.9149419887389437,3.0211742670370922,1.2979235971002288,3.687145915017039
9.05766603286963,0.5097530435969468,-0.02098337348739765,-2.747892116972994,0.40475090574808714
-3.6923562648872332,0.49665963940542107,2.2886176029325984,2.5918088230092327,3.700647925949987
3.9135896424225596,-0.8827669522100686,-1.2854629332943492,2.184302549915418,1.344539497291871
-8.119240141293496,-1.254084106647166,-1.1030131527064322,0.252963250924795,2.761022796595877
-2.7481970130924633,-0.2686656074908774,-1.277686205026093,-0.777168467333345,2.491939964013394
-4.051528140873106,0.7296330567715947,-1.1431886551074966,-2.2265765397023562,-1.4928925332250595
0.017478750113919972,-0.042714519891334485,2.720666504199362,0.7746840227442635,-1.1454662014862462
9.118015231638658,0.1713592726987655,-2.9696427462581,1.7984825937753461,-2.8082860405938264
-5.130132741050768,0.9767793636514666,-2.3276085082933795,2.6002833646690195,0.6349539576508736
8.111533345463055,0.9270474632464016,2.008477691191522,0.8048682990241902,0.9153117537316424
-8.341724247563128,-0.8387564499005479,-1.5882173267542816,-1.6776962021947561,-2.4147392931514764
2.530419193795993,0.4686835830070782,1.46218905034329,-2.597081261656337,-4.3906681712648705
9.631015916428996,-0.17402277731156823,2.0170913773021732,2.9327949704144416,1.0044502052529634
9.464524219623755,0.13475146101126023,2.8044944793520354,-2.730369785098357,2.2586859741059993
-7.7128461181041725,-1.0779558922702615,2.489811888504522,1.9567265901910904,0.11746060134030767
4.283708446668491,-0.8478823152328087,2.4544061295430337,0.40419349951506245,-0.1727701845766756
6.270633838318787,0.00017750524994957634,1.8431719632001524,-0.8012794705054604,2.8722757738919684
3.898254672119993,-0.6111200174879491,-0.10393183847297394,-0.7753078604904609,-0.6843139720535527
6.5293844573823705,0.22626774021538676,-2.1517446221233376,2.6658099106720954,-4.553432322914521
-9.060625012616923,-0.3771256534382856,-1.8925481822651626,-0.6451768952107235,-3.9561758805728866
-3.771620532207585,0.40123418748245965,-1.3274407204918468,0.5113228945646817,2.8386953598499085
-8.620621339086723,-0.6414710051612826,-3.231032490703467,2.7503593654086194,1.396720403731961
3.0948148689118344,0.21088605931740517,3.4210881288611086,1.673140277462137,-4.236897950836089
-1.745020871912498,-0.7398964790704281,-2.939750314409382,2.0510373929987997,2.295061159521577
4.117844803518096,-0.9969274825554604,-1.5694887541430464,-2.6842579594127924,2.5902853774787653
-1.4410236863178874,-0.8991172155514141,-1.6420299571993429,-2.3504008364212345,2.7919919725320916
1.0775340837243963,0.8483067121441168,-0.1067668669031665,0.620962450553582,-3.7433515019419517
-6.329396008336932,-0.06413130269200593,2.267905774144424,-2.8066814325721827,-1.8544498754822305
1.2153658158119978,0.821001156778621,3.8828662315252727,1.3921109787797388,-2.714810311930068
-0.4436680261388979,-0.44817869814499073,-1.4465433748282495,-1.2635772106957943,-2.1965261511262484
2.5387156686431904,0.41483943229660414,-0.3490962897136338,0.5273603592398208,2.958467022121722
3.936263627839107,-0.7897413385478546,3.3732453314035826,1.3327527236526286,-4.732934857044213
-8.525352626468107,-0.825861562881881,-2.483164987237725,-2.465082427585047,-1.8832712278217456
-6.828596879844233,-0.4450053713974609,-2.1165382909643613,1.1786373052801729,-0.6558425766781983
7.969372187849551,1.0275976116331622,-1.870590450856728,1.233856671810666,-2.5850915893626834
7.201840896603763,0.6549609945207739,2.573123864600383,-0.6497416520788417,-3.267150933872785
-2.594696707644692,-0.5003194261844552,3.6694687916755235,1.5886400650185193,-4.3994384365325985
1.344752022945002,0.9975398989604682,2.158355098390082,-0.13023773420449913,-1.5981050764099
-7.335071122060044,-0.7977476640968425,-2.8062374054299974,1.6982529727012317,1.9998678666364738
7.022114442469697,0.5479396192683645,2.52198785660216,1.5673537608662969,-2.5124766904841733
-0.09479669085688158,-0.02603955969801662,2.4736084150985294,-2.1509256760646114,-3.211663857839465
-5.801741443996821,0.48159187264501613,2.149580228452141,1.6741104153259503,2.7724517074408217
-6.185277264657085,0.04680496933705225,-3.9391290278477173,1.6119146984559638,-4.580149120764075
-3.902481229022543,0.8688308453078187,-0.3045051615412637,-1.0402359239744698,-1.015954353659187
3.9888975498336148,-0.8290201425409305,0.6043670238357253,-1.680196536799082,-3.9093438314419
-2.1596652534068683,-0.9135294806026883,-3.919375940271192,2.8580277827628855,3.468837231110486
2.0034287139713154,1.1514453004204928,1.699216510690687,1.5931447656451176,2.526284074465895
-4.690345922836698,1.028810742457291,-2.397350575653012,-1.3880501063082549,3.384169155480569
-0.19239981762141056,-0.18585593744568457,3.188420943483262,-1.3549748970091506,3.5711326100152654
6.494512925873789,0.1850287331515582,3.7244522256832235,-2.0830062553515587,-1.7865736841814632
7.816155830016566,0.8862596733635136,1.8004584660352272,0.37856902133387393,-0.174651583837365
3.0940181119276247,0.09333343860448264,1.9434006935429862,1.9767673405120467,1.5981039883045671
-7.614076642012333,-0.878124856325483,2.4392739321289083,2.8072901996160633,-0.5219339397628451
0.16060803786596978,0.09334996652504547,2.088298845750617,-0.5062637968941011,2.250670894280719
4.431485313936236,-0.8216211238398021,0.896880593890117,-1.9707031163887179,-1.2649156911798283
4.820891737427395,-0.9128593482827955,0.714648140720227,-2.313463787762731,1.0259775007252028
6.006082874958338,-0.3071573835665152,2.5505938328593443,-1.2929429700298978,-2.007579545149989
6.179150095114718,0.0478888641125821,3.5216690474616668,-0.8936923574626952,0.36167103232153863
7.696912050737868,0.9324741123616177,-3.50042122473143,-0.41156555576727394,0.5924138515076018
3.5778982637126866,-0.5119951661815374,-3.5083631007360205,2.12309358670281,2.6681507494659185
8.866431474906424,0.5441644378678693,-1.8032423680364964,-1.89455438859609,-1.9212868293707244
-9.933761907028991,0.5497421850692543,0.6711106918270673,1.673269315025502,-0.8186598129027294
-2.430890802436605,-0.5661927169061386,-1.4077826970542295,-2.455725296197981,3.7161041086067588
-1.1762865096967108,-0.8943687861048731,-3.458791138971023,2.418749458720093,-1.8404762189375168
-2.8316405967968628,-0.191141701850849,1.555885254453309,-0.6487271826283241,2.497299177044135
-1.9708563468325746,-0.8916488285712689,-0.5452882072569141,2.531561314272559,2.4323165114800798
-5.682316874263737,0.5196118957771896,-2.6168778708187617,-2.5709883090366685,3.8275969815040938
-1.8260059422891821,-0.9310449027187946,2.8017724674491813,-1.984723208030033,2.478109562601471
1.337808563127119,0.9192757511240297,-0.8981123213129258,-2.3447453654811086,3.3856056280935647
8.910500029005707,0.4318612826196526,-1.490064859991378,-2.9368391322961624,3.6875855123279333
-9.072487604886284,-0.4149611841487212,3.348210861548915,-0.9803269883441508,2.9810452628725663
0.23514060792909675,0.289488304399604,-2.8156763664620152,1.4250744753664666,-0.27799270841903656
-6.782864131714552,-0.3073537374695663,2.9546774371919593,-2.8038896783612364,-1.744263103803636
2.1025641994659416,0.6605632251230306,-0.3946730863042358,-2.229253046594221,-0.8276278008206122
1.4170510427857348,1.054237488336833,3.5959696768900518,-2.511700309660016,1.8343608740512725
1.5490098825793357,1.1396686349913663,1.6661458154598856,1.733938021957739,-4.1276962144162
0.046545303384299075,0.02082533923340073,-0.7282350251540697,1.9493736162384128,-4.688206946811469
-7.595638899398627,-0.917515619421421,-1.3440489753258502,-0.5159925216800345,3.217600175441529
5.304497391976071,-0.7511490760121998,-0.4619856930790993,-1.8558394415079038,-4.434220130893549
5.212202096899741,-0.9181812239509939,1.886243888312019,2.6257369484187203,1.7991858149256492
-4.629052240560521,1.078490655074481,1.5042580221428707,0.12575456394646523,-2.428284631154045
-7.097202851706301,-0.6588623265577352,3.3040687996405804,0.2319770723460115,-0.6284223069555148
-8.457064499286558,-1.0002215619950858,2.0991576857565475,-1.6939140352812325,3.463284414458805
9.906101374824097,-0.5332929417195416,0.6504352160242766,-1.4038307704157054,3.777983712115386
-5.717195884579116,0.3729459106078711,0.6128238554630734,1.4151863248831003,-3.263770576590049
-4.101838222243995,0.7985165122938517,-2.4076322801643055,1.829729392593018,-3.274265207893149
4.853514850740368,-0.9888861821978775,-3.0204610466895705,-1.865356198923258,1.9322214482390017
-4.941438068952233,0.9233365724717216,-3.2268641657022172,-0.38279379149487003,3.1155742510679776
-2.263681315479533,-0.7523419935516754,-1.6258578014360046,0.09806821445372815,0.16064452760631642
6.049932743312908,-0.038768850044855196,-0.10765367119202729,-0.19892597445687876,-1.1991495706857287
8.023976981530602,0.8496995886360448,-3.706050477209124,2.01976829909154,3.000469174906655
6.139013238974915,-0.15702445494675035,0.260702951348315,-2.0874353911596053,-3.677725812556015
6.554044966146357,0.23509257980739998,1.2620603217196438,-1.5207875473962449,-0.8371826105295046
7.515133894598524,0.8575190308961826,-1.8474489015634727,0.3270796550944768,0.14747772905136358
6.875353274025823,0.605839913738776,1.191505369600094,-2.2188170046930153,-1.8449032131120142
7.695454266088259,0.9802332303620036,1.6943171204464367,1.4313769469054325,-1.901332722642616
1.0611818892907383,0.983743020144723,2.862811075415104,0.5380563651027699,1.0604638252767602
5.237926945756371,-0.7674811183586527,-1.143823786760115,-2.0083120235994314,1.8951035511254188
-5.897503857105228,0.1770246891972146,3.9402580927163866,-0.5870482161420512,0.80641443972792
8.147785345183063,0.8006427654554709,1.7131723036080402,-0.9339951503050647,-0.24418329187769583
8.978891185246667,0.5925480438321429,-2.1749868685297695,-2.907014330784813,2.4268637080093143
8.176641192500089,0.8795380087490807,-3.003304085990367,2.1308263339056177,1.0265082454752399
-5.047277971004549,1.0669536585070791,-2.7181615795935032,-0.4717896762460967,-1.6619458519787758
4.55746705413924,-0.9670200624733024,2.3797712446332717,2.742782671722815,-3.4282491393080434
-4.700933689058566,1.169215107115065,-2.07648630244982,1.7997856162401584,1.3286939894406675
3.767559804520534,-0.6140040483114487,-0.04957385061334385,-0.6373921055976033,-3.906842742647011
-5.0322878072984745,0.8585521653001879,3.878837055841128,-0.5719681254946156,-1.5458473272782043
0.4088802031391978,0.5640206204550636,2.5605107905684106,2.251899997964829,1.720762341735787
4.104520470917784,-0.8515538510185943,2.692509219747902,0.47469766230548593,3.2979071804751836
-8.968374951686947,-0.4340217013801384,-3.185638670628143,1.311369806138722,0.011468843216286828
-5.3499448622256285,0.7189418764879743,3.568815596924785,-1.243298504318146,1.4805582537317417
-9.330817066730432,-0.11364075459896535,3.1177800377641445,-1.0270605160567499,-3.0040231467170573
9.359416153550114,0.0958634994917614,-3.192911607009501,1.347418138672202,-4.531617356977562
1.3477491546178015,1.004407896431105,2.300754293879236,-2.020846492846937,-1.8891067152187486
-1.538082525790987,-0.9098148134458909,-1.1848995360681034,0.7411271538575424,3.8695841398832673
-2.47423243324673,-0.5488073879681492,-1.9741019108187698,-0.6373258110894406,3.0207200178871236
6.873781457584368,0.504484517944003,2.9568766531629143,1.0778751283473689,-4.835330276742243
-9.69160975915747,0.1998649942566727,0.26618689078846725,0.03277124442721835,2.8773801400405468
1.5908835737091227,1.1524250664989797,1.5678407682668363,-1.59935746716727,-2.1076808976583425
-9.098191008821551,-0.21383878969711742,-2.7720297723825986,0.21479214366037347,-2.220099847961373
2.1351292868857215,1.061991020364887,-3.8894094967425223,-1.8592265573083762,2.9969740935612323
-5.304196849911447,0.7717218941263133,1.2794614407217937,-1.5629504246855328,2.2483833598670655
8.181374376453867,0.8631004502204372,-2.4202435192024145,-1.5900546964395244,-4.259978851033432
-5.6783229066585905,0.5045787289778028,-1.6448603533946482,-2.5448125471454954,-4.365194466249733
3.2260167459758406,-0.10841811589737708,-2.9548101390207506,0.3384067445075405,-4.769016116704467
-6.517282387175614,-0.06632527813476502,3.270192826333897,1.6522411533671315,-0.8825175086107082
7.7180639676812675,0.8543575209599388,-0.39497489666191754,2.4014559285312007,-0.21937690109565366
-9.839974774290148,0.5014227237999429,0.04635382405976518,0.06818525749986559,-2.2034921257251896
4.720916050188965,-1.1510805979743652,-3.8240667850817083,-2.322661458392834,0.6718136690660979
0.8293476493353413,0.5819689037125911,0.763631619255829,-0.16384367804346844,2.279290589000797
2.1967641391743538,0.9610479045818704,-3.8736943078696155,0.7928627376114692,-1.025542412327102
6.149971752075068,-0.29750268601040686,0.3747529886392904,0.5570459548799707,-0.8832008193346548
4.233851572150286,-0.8307201349533331,3.3364809276474476,-2.298535049552822,-1.291512913724997
-3.5125104203605284,0.40256238860720756,-1.5332359796179489,-0.052435381868369824,1.5328231625684356
9.399667841148613,0.010273167943810946,3.663831244987488,-2.252291704776713,-3.867638316735448
2.0004775521873004,0.8995591661921403,-0.7651759321871223,1.3897717380968269,-3.9270298898609903
3.5522384672165366,-0.3256771968969103,-1.1612579967529024,2.8129034402459423,1.4537139157892565
-2.9463747100988424,-0.14687666939139116,-1.557357970225521,-0.6612968213038681,1.4878600302083003
-1.0699239739065476,-0.862862185893401,0.04318281757480147,0.23901255168255187,-4.892194834557457
8.229945848426482,0.8750095912243593,0.8767105704387745,-2.201420931180359,2.0387910587366083
3.4664689655092076,-0.3883396694866307,3.691615270862477,2.392411914646793,0.19550995719247855
-1.0133781698074902,-0.8258770913864227,-3.767733945285168,-2.0117750340300495,1.0520199571415816
0.05715306336476189,0.007350791230346952,-3.4044902975550073,-2.824856447282277,-0.3953322282447864
8.363180323454639,1.0515998003130573,3.3423100561533756,-2.8787361644027554,-0.22103683713629696
-5.859055047035415,0.4059358478705221,3.8820911265054674,-2.887037535117976,-4.396911837048596
9.212044526570907,0.2718126402231396,3.7912648182032367,1.5191181201411172,1.8045056062060425
0.6163516310265731,0.5855997503133145,-2.106909289705766,-0.0642331534440137,0.47900235003904346
7.404614299712598,0.9948992668352618,3.3137811620479996,1.9654431681007498,-2.902751985585185
-7.145878905235554,-0.6308978008847475,1.1568145800319218,0.22322172286961628,-3.0870903086364225
-9.841744355062165,0.39718956060892585,3.051433094898119,1.5288828136861312,0.7678847404205786
5.461738623472211,-0.6697959885179431,3.7463557950948223,0.26434404734850814,-3.4448735132319013
3.9208568185734336,-0.699799539979285,0.18917863404723256,2.9728999974829327,1.7676773454770878
9.758716812213738,-0.42435476219753443,-3.9699352821762357,-2.287202332608029,0.42892750175072525
0.5079746445558655,0.542817284558612,-0.6674368906546055,-1.0686334913725495,2.2997238615417634
-2.111973549546809,-0.9162259910126683,-2.503220087483867,0.8681515544762535,-4.3283712214548204
8.703502955621307,0.6789359607113432,-3.6490664796085186,-1.2735507391199266,-3.1612286337428266
1.4172838877146905,1.0671679044434024,3.1401674934539505,0.5841566281694899,-3.06105287053932
2.5538679068812,0.7079060533754272,-1.1002859797251148,-0.2581087226283163,1.0036067302468936
6.415214828188276,-0.047775774043928965,3.4361152116763503,1.1552766092001026,0.9862619711735992
-1.5490371084906656,-1.0247034875031966,0.4807101644827787,2.5932808834377035,-3.2888516671272243
8.701354578016542,0.5965388508457589,-3.023286406393236,0.9738840896602525,-2.0470373330759695
-0.2304581312906322,-0.18246864997227716,2.4228113071854347,2.6917427946412635,1.3338111487033428
9.678931701293575,-0.14371871356691712,3.1269322337121777,-2.4373214797353397,1.9162543169333022
-3.05602641013653,0.031072533270208244,3.6813083686889403,0.9212286082871453,2.8596512976741044
6.822328372837713,0.6522774848504547,2.3164660017787932,0.7295854322315174,-2.6756993264382993
6.093949272170622,-0.08878097811657173,-2.0306795062042164,-1.1149778227996476,-1.6792507716771419
5.158506509564013,-1.0607791134410052,1.7941906070666693,2.1139296922109594,-2.1458821168775053
5.653168009134397,-0.5592309082113566,2.747530447924606,-0.37397080323296095,3.850999970047411
-4.057922167605199,0.8054872514389482,2.1649214625049593,-0.7117369135839464,2.2113456705985213
9.22064364038668,0.11825654164960778,-2.1712312030937717,-1.108763989284912,1.336127258314721
-1.5237459814187044,-1.1561308498765681,0.4191148988368525,-1.8150583789826247,-4.4275898969895815
-3.364616527722795,0.24022138458938022,3.2066471378914025,-1.2795251949751685,-4.467500375776373
4.60766022345272,-0.9476808535888515,-2.9005014361077635,0.6708118729312735,-0.12034302591306378
0.8280707787503729,0.8013980099569087,-0.19456603501868752,2.8477694238753344,1.5131147088378105
-0.2183858932590983,-0.24572494575462484,-0.3775589618736124,-1.6290116153013499,1.5742307144211694
-2.46461924812849,-0.5622540068342787,0.5721374969322861,-2.3336699234326814,-3.8160905723620795
8.934238281183173,0.5818995794603338,2.4707987271038814,-2.416049548666148,-4.873018960994339
8.791403794386984,0.7177533456390796,0.7329589192011055,1.125611900819334,0.694801544424223
-6.034022282011724,0.1068248965890019,-3.10227368085895,-0.6721898603731189,-1.4555506317823692
9.922703924511527,-0.4550309507230605,-3.1398350458403934,-0.08785068266668361,-4.353869004927709
-1.2791210790373988,-0.8033260310419487,2.0525980837966866,0.14973319624464798,-0.25809888307028395
0.8097221524258771,0.8240512030719728,2.721422412679698,0.8581053120404292,-2.7743485414779467
-8.42110419426977,-0.8727648241954851,-3.203920509682825,0.9955430644142904,-3.812499715379249
-3.3437191055950706,0.29237476261648593,-2.8115239924649282,-2.6708113129896125,-2.061861559833019
-7.281501674848101,-0.7585248326243071,-3.5485233987485936,-1.3260625881560064,-1.9327707879813771
5.834447808125169,-0.294317212770867,0.5605770281706395,1.0178510545156954,2.9869904773139737
-4.789922205667754,0.7589115164685456,0.9325073661075454,-0.584028593437917,-2.3837404078785704
-5.08963269021179,0.8275889439292557,2.5311552164284192,-0.13719169886586213,-2.9063436673698937
-8.438871862683364,-0.9233001770224322,3.825731922353323,-1.7320568709943016,3.6570692876848785
-0.4915893009436356,-0.41783530502982263,-1.1775709077033012,2.2342381548858308,-2.22839481660315
6.789201685250092,0.40129365588315397,-1.9217131127899423,-0.4795911485350075,-4.289657989469595
5.732217152283241,-0.5862744375615399,2.0830039383959393,-1.4998767082071096,-0.4384042901488856
-8.395138533889284,-0.840530405076806,-0.31779858304187947,-1.1740559568613245,-1.8510815377324876
-9.91722176172113,0.38665023950778454,-0.3990861942641999,2.2690910750650097,3.735030626620521
0.6580146646603335,0.6071428073336919,-0.2505812086176382,2.639729050428379,0.5124190253687795
5.158208679116154,-0.7926624158337879,-2.820698856671087,2.7244080258352357,-1.819527340042555
1.7910110210911494,1.0271369083517954,-3.388935016489138,2.409420409100779,2.1089721625767073
3.1537732261993057,-0.07136517411372466,1.938138044549179,-0.07835489459683043,-4.9908767277781845
-7.275532789539811,-1.0492922843668666,0.221001265659444,1.4088338327992833,-1.5185840430743767
-8.413738231705551,-0.771296175675147,-2.354613053867828,-2.608473564643248,-3.7893237647478477
3.281632943115193,0.08176950713312062,2.1690622333282503,2.192221286524182,1.346030796447728
7.958534531391468,1.1069714806919126,1.9283085470643524,-1.524087215947522,-3.6537053865347833
-2.9277618450938387,-0.22967809178594828,0.8033573009509265,-0.7015314311307792,3.2713193759983312
-3.9277729868540163,0.5588376042242557,1.1373298947090111,-2.2746999459838917,-2.447241482229921
-2.60294428694608,-0.5364121198077334,-2.4536168147260957,-2.428250043272276,-0.6224911197331142
6.252753759074963,-0.06787287615041268,1.5222703692266846,-1.6167660504466792,-3.1401382231692505
-2.604258620092037,-0.46367332230324926,3.135435586343257,-0.7428910035151617,1.5218183565690575
-2.8653327300313203,-0.24695520312072086,-3.574718219326029,0.7608512343453837,3.130710944160578
1.61642287570805,1.0867205240380895,0.3758012036411795,0.4829477611259776,1.8763787910853535
-1.6647296116592951,-0.8979179057140185,-1.2403722186576482,1.9319355800616131,1.856251489231238
-9.014216914434064,-0.32340699391352135,2.5884948614926913,-0.6099776290211656,-4.077085466922545
7.426829210415342,0.7921922877975964,-1.3197143278220338,-1.4906695535552004,1.191055432431872
-4.737127232109946,1.0920569705351102,-1.9232537629633697,1.799005782946911,-1.927683241332128
-1.516209191099085,-0.9049024242378539,1.0896291657284927,0.8688816806763491,-4.603012729974813
2.2067438033346516,0.8673783070181417,-3.596849427827191,0.5507837845776398,0.8215139829073888
2.4184847794779465,0.7300365746745809,0.2438435886991268,-1.3537010882770373,3.5797544081498067
4.910766772149449,-0.8552672692369394,-0.6283252825403798,1.2015224710383432,-0.5858947446404947
8.854185676456847,0.6070579417883722,-1.9230115016565952,-1.7286262984116032,-1.3504130925815585
6.8392095338433485,0.4876365785461797,-1.002190387806043,-2.6614866302679134,-0.07544183397967608
1.2072264397970152,0.9267803017246289,1.866007210697263,2.958683443505146,-3.3830050780929164
3.567063475502314,-0.3531789245777775,-3.934779912393452,-0.8571377579081463,-2.654223261545314
-9.189537960465845,-0.2617456796820586,-1.9492183566757806,-1.4019398870021693,-3.3182778486373756
-6.5405574644432685,-0.24635094190551796,3.037949017669704,-0.5502932116450907,-4.694385947823525
1.681758297922542,1.0523654876439081,0.515182970186566,-1.3238481544934035,-1.3550973898869758
-0.7010405773958546,-0.5975187944195328,0.49663887004203655,-0.6902687214404968,-4.654804594960813
-9.337348778128893,-0.08001213530236131,3.881113781768219,0.09493784754203816,-4.897267221297015
2.901844301039308,0.26727924147081983,0.49662084580373467,0.21214571189743836,-0.13608866604375347
2.191930833570929,0.7830767192517052,-2.513026387791805,0.6448934458471878,-1.8850641157629173
5.507240507178356,-0.713138486895934,-1.885897976191539,0.7220790041897693,0.9719000302076051
-4.8544095766746365,1.018853546746107,0.8868612691451592,-1.788886125462785,-0.9733643846886215
-4.480604939375699,0.8998528628210121,3.807625311918412,0.3858767894904913,-1.3977800604650312
0.7145840419859866,0.7713873036777228,-0.6646777467533527,-1.4492880948535782,-2.008547002378398
-3.0846564193903125,-0.18084423516392795,2.8454291953929083,-0.6033652033083419,1.4376005352506835
-9.964982335383688,0.48092278233864627,-2.04503596718202,-2.639108365672145,3.116891282913045
5.153471407514914,-0.8843482672994829,-3.448027350738742,1.916351900018693,-2.4287391957115396
9.805700006079398,-0.25183218146156067,-3.554313032737709,0.4402526627701828,0.8606860540304844
-6.641134806201161,-0.43708262130930886,-3.374193153290822,-0.38855604594382065,-3.9728599050381312
3.0030714955701505,0.019542512027413222,2.872980416328918,0.043384085842579356,-1.0635335452976782
-8.23471625387138,-0.9320673130840086,-2.724205375551211,2.7233130129260816,-4.269390986734721
-0.940108001659004,-0.7918545122193112,0.689448986966962,0.28218863832812513,-4.9748793335479755
-5.75015049070765,0.5597190365025755,-1.0166476531868902,0.07696129269237639,-2.6745293752187584
-1.3811766594762265,-0.8223911008241682,-1.3800273478474745,-1.624384721879072,-4.117505716145038
3.7004959914924758,-0.6298283335488677,-2.707426312537031,-2.478743606105281,-4.073665179560759
8.322865756000382,0.9141798523367239,-0.24214094291401445,-2.5490932399386175,3.088110965886628
-2.519728923189179,-0.43150085904466917,-0.03592328496377917,0.08437674458118227,-1.335916504385037
-3.9772083463549883,0.7275807748762334,-2.560941012400601,-2.79164000178145,-0.0885334941025766
-6.4800609106685485,-0.09787376074481967,2.3936875182820376,0.772079492107812,1.4027592214798528
6.319772239263436,-0.05410931569024504,1.5998614503478281,0.36927175395231115,-2.7859573983993697
-7.847811104415063,-0.874097696742678,-1.8596253316467797,2.662943624428287,1.5439844120275383
-5.463341877913949,0.701639598539267,3.8261884380930447,-1.3178103284449474,-0.2896925520563016
9.392288182656973,0.0654998271359666,1.6474658938896942,-0.43468637375287944,-0.5046927366033875
-7.109013379685896,-0.6290508700060422,3.4912288434608936,1.7033048093548713,-2.1328672540104083
7.291721309102371,1.0030535490565458,1.8469480280522141,2.321352345504601,-2.4708442338185383
-2.4271636797039253,-0.6199073686435258,1.7237733492431184,1.8305384763800365,0.3960169617632108
-9.844445467155051,0.5407320493772293,1.3770979668045804,-0.3273609497141159,-0.9242810769668548
5.594073647076245,-0.5715299801993187,-3.9221580250195593,-1.4074883503570073,-3.1409853187367665
-9.613903562717262,0.03457150470500536,-2.8817557069023527,-1.7353176189665425,-3.84484886172757
6.081528368087337,-0.252596261316215,1.8583349737572874,-1.020735238237369,3.301873835720171
3.5678815288356986,-0.3158661841695253,-2.1826471229138775,-1.3797568302383025,3.8629623757635994
-1.2928396428317335,-0.9082209523907827,1.5532945921620174,2.164334912858828,-4.121272150133461
6.063558456770824,-0.2554139176786449,2.978999845462819,2.3837219791231483,-3.188473763580521
-0.9587209994068004,-0.8649434075010998,-1.7381084674382512,-0.34629298044939816,-3.861778762490962
-6.46009066285091,-0.25040271757325605,-0.667062020144515,-0.965539167650765,-1.6362218188969297
-1.6125853781531596,-1.086414994747049,0.9488433299649603,-2.8003979592710353,2.99614993109801
-2.3952831812104813,-0.6806563086918441,-2.9958889912165363,2.1609507011551345,-4.005220867349491
0.8549564590128895,0.6473073952334361,-1.0601951795509983,2.1977148405007547,-4.205378192803698
-3.6329071280830654,0.3602147007568898,-2.8103962890263157,2.7454050976401954,-3.647542552434828
1.3521729134054326,1.015891435476418,1.0519853455115262,-2.2088882233677056,-1.8655522966925941
3.596303872637554,-0.3456425012657824,2.9574328489455155,-2.6604476665055676,-0.11070293763080041
-5.703547182422191,0.6204714105127878,0.012533303375656502,-0.4025416438974583,-0.12041569176503764
-0.1727068087771677,-0.20260218589613024,3.620973247388811,2.1860932010448764,1.9595720902543787
9.223046401189531,0.16698566186946073,2.574232074029493,0.2973216088451869,3.442830563558468
-1.9217995461148014,-1.059048540267098,-0.10448641375641898,1.6366260980490717,3.6196925724386
8.441160541782974,0.9314992857366621,0.9969281044414409,-0.8865500704768983,-4.255492900297506
0.45543538935034,0.3074593116510798,3.0812671479963214,-1.6779895638981264,-2.4496302397088825
-5.252769409482074,0.6939467286252139,-2.484246355553183,2.6437509993889963,1.288678244424676
-5.597329674610664,0.6214501611397029,-3.54606202592631,-0.7574860892434012,-3.4293536614409694
-7.783577352954811,-0.9556769550541706,-1.0807990933599454,0.38006630703180644,0.956130738017861
4.89119153011147,-1.058682546929039,1.511571807808953,-0.25366456361354883,1.5417936952581606
0.42535844467671424,0.3340524518192707,-3.9701792118715025,2.564137875591708,-3.760969663021832
1.859488399787672,0.9445591260881221,0.8445229569155277,-0.008102897096345707,3.137476874104701
5.0220429994981295,-1.0092487645949884,-2.037011877858369,2.645772588210999,0.907443973378693
4.817385898257902,-0.937488518956071,1.1965845474682562,-1.363614257616649,-2.7761413996936124
8.21137748707503,0.877942195419652,3.0440235633440853,0.05919520545096635,2.660300683547593
-0.8115808428573157,-0.7862358670014887,-0.990153680329807,0.4329031351481407,-0.2874977582107663
-9.82723347611378,0.43145284998831884,1.5221828026439033,-1.8591505662390697,1.0993816406815302
1.060789359724426,0.8526211830405944,2.8105490153321737,-2.8889781073421625,-3.419894659968885
-6.809227488981795,-0.5714618467898601,0.20145188672855951,-1.5616143890522989,0.43533250873920437
8.471504282197735,0.842408323810741,-2.7238833119500008,0.5325859741733838,1.1416325826871052
9.299898515881228,0.11361127045276052,-2.760835194117738,-1.1239437053341959,1.779155093094123
0.27331496919491016,0.43825109564980347,0.058400949423738524,1.2319983741199465,-4.357921416299061
2.941424750732075,0.12441534949266388,1.7079488154412896,1.6515322038887552,-0.6370852289974884
-6.671559528179271,-0.4493702823180326,-1.499458418773557,1.2861148032668241,-2.317901668777667
3.8361173887049453,-0.7652071836005468,-3.833979902904489,-2.414575516932576,-2.7058964118666524
9.623584094278101,-0.17115596899483088,-0.02305730994367572,-1.614013943354567,-3.946439457872671
-2.5250037239634393,-0.5275687925155443,1.5982411096955955,-2.121338944730704,-1.5608524921253504
-3.5185490899183858,0.27299104900190685,2.683970774550577,-1.5128942542303465,-4.812104656238568
-0.17752186610836063,-0.02641996198919383,2.955075321128766,1.2770016936031912,-1.3831022973593345
6.684617892590438,0.5216034160653131,2.7163428337785414,-0.1812829372190885,-3.000072282856637
-2.5678167124433893,-0.5077962338704273,-1.9533582432699204,2.354708327857198,-1.9988652708700965
1.7274934477357107,0.981823866214333,1.0285344625301311,-0.46904842302509486,-0.25274405902141783
2.6067139266427386,0.4778977312838016,-2.081615063787078,1.4583272957253506,-1.6241680391111433
-8.384703965559998,-0.5704305960589504,-0.8082153262107905,-1.9635512436726688,-0.25138531632336036
-8.218276261500442,-0.8641445326832224,-1.8587077110462573,0.4957713669199961,-3.015491986115298
-3.419993183661365,0.2047858672711694,-3.7708332591234894,1.9278020827317137,-1.2830379675144532
7.656411047193938,1.0174659043603893,0.09538345718884411,-0.9155192771217799,-1.6381299584240816
5.830307658079546,-0.41130166774487015,1.8070764329461637,2.3692801450456846,-4.625613583788089
3.4282847106477465,-0.13070443737747056,-3.8656061592298396,2.2530719730483018,-4.485721199213176
8.139416116097998,1.0600676365762234,-3.0403400507977087,-0.8509472922694421,-2.3689173959514975
-2.4574344055813224,-0.6867827520388442,1.087696276506728,-0.18803139694656457,-0.6710507828078267
-1.8806619374254971,-0.8925118445038367,1.6697278715381323,2.2568246683416042,0.10011450602131955
9.18147519882876,0.22589133279613027,-2.652396232784895,-1.1039508447244457,-1.3880741334031352
-0.9719320049653355,-0.9255366109927197,-1.6423184663626493,-0.4687181557990261,1.7930916422178624
2.3839807430621676,0.5845157388166305,0.8594980804699803,2.785352943547882,-0.7480580800485184
-4.604170293552487,0.846573971752466,0.502420482016924,2.005638415407452,-0.16416831493143036
-9.661920571026904,0.19164057745225846,2.8821589646965604,-1.2421120492823876,1.1152927470510443
8.288388375500077,0.9797674126701695,0.3351173300477548,0.23847161147784046,0.5776838595615352
-7.056873370225,-0.9258187458979878,0.7949920890304165,-2.590876814905859,-3.457263869305238
4.486436965826373,-0.9813784140006815,-2.220373704186149,2.4254396701003795,1.0468268482994372
4.618987967333204,-0.950660975966122,3.285967423307074,1.9969031098853574,2.7190261491559857
9.721500174329801,-0.24530896107158248,-0.1477363221964767,-0.5574266669416641,-1.5218203649671542
-3.0275238608014554,-0.20645647943561538,-3.8588156826732467,-2.7971496032720156,0.40137416516230484
-8.72872795548412,-0.45955592637060944,-1.0446082578287736,0.9868673081380837,-1.4213529259236752
-7.990457953795172,-1.0172415524255678,-1.5070526508849058,1.8269322117436664,2.2460993367014463
4.859121549306069,-0.9027775225379865,-0.42752713002991616,1.2383752854809291,-2.8256413028330765
-2.46074705882124,-0.5828417937041461,-1.9248883821800549,-1.9961541487148513,1.5304994351017536
-4.372785267491621,1.0369453758961946,1.897454660866508,-0.5965491838913977,-2.396570873493809
-9.400085368211283,0.10110966559259671,-3.193964751666125,-2.429594338877598,-3.117442356616473
3.854127731863901,-0.738889816944429,3.8935818384479752,2.7892037648561674,2.2527989796015726
-8.389187612294943,-0.8221172311227828,2.5746069405917167,-1.450111784197973,-1.8203355086127768
-5.790838266698534,0.4265822630225193,3.2888863087375846,0.1685081507060877,2.021598521954208
-0.04443512460471766,-0.028640346208228556,2.1553404484448144,2.182537749411356,2.3198319961194116
6.055694593205633,-0.25811765574848644,2.1496625288889026,2.4581316468782344,-0.08720119243792812
-1.8669653056745688,-0.9523362297588611,3.5202331548691976,2.3880265089321657,-3.819967573507999
3.13590487200063,-0.08463454562484957,-1.6252671709827,-2.368494035721531,2.7414027593340142
-1.8387614020864245,-0.978249678751495,-0.046030624054300695,-2.377487716705474,1.5727197297850886
5.431874917219723,-0.7622173055051379,1.5134034856090226,-2.156164790862536,-0.8585739338772811
5.757671637619026,-0.6829963752976836,1.5352477705672847,-2.900080192737976,0.6487763677495417
-4.5371770228860075,0.8983824626678812,-2.036442099361963,1.9354306831549986,-3.805999355060661
-1.1362517233286145,-0.9122164150820278,1.5827376377282274,0.8576551593484276,-0.28864969951160635
7.670562845625263,0.8932043034716972,0.10339152883582958,2.751886434186515,-1.5249395493955262
5.916809623986426,-0.5684507689938209,1.0051293520482814,-0.9656646063185965,2.1606806500184197
-2.0860513404174474,-0.875676741464034,-1.538388201715792,2.745976526435845,0.14570845699380275
-4.989895104023397,0.9511222091938143,-1.456670271859906,0.9614129007162666,0.04177440857398018
-6.816571972726225,-0.644677818485017,-0.1520184129992037,-1.2283403008224778,-3.480800254240269
-8.336196941937107,-0.7972293489152014,0.8422304268006364,-0.21787355853222934,0.829497538510199
-1.2115897815792476,-1.0360191484859171,2.0223185186579435,1.3408797785649895,-3.776617111940242
-1.0566086063755975,-0.7961763824371808,2.22501705813293,1.787840257293686,0.7109738532934085
-0.1839604726550199,-0.06798032641375129,-0.5649440776377634,-0.5992889847678997,1.735538120060541
4.02776330626336,-0.6837625136338199,1.2512329761611536,2.788711057910273,0.6350993713894999
9.569544350489345,-0.28753359099863296,0.6063779759044481,1.5040815184367116,-4.318123332144148
0.10074716276124285,0.12830562191595046,-2.0211360629373596,0.24581676452202572,1.8856846966079885
-7.880217138445986,-0.9998237279723469,0.6573235877986194,-0.27947848473052694,-2.853035003997491
-2.4225219577655395,-0.7001518165917523,3.1430588055215676,-2.3292848589721538,0.5924764544795416
2.544127811381623,0.9222152121665712,-3.4190120928449863,2.6502543579003417,-1.2587867405730235
-6.399282597153468,-0.5148332219905492,1.6811433254762669,2.8736309050299598,-1.954452028799083
-9.506058660553961,0.5011366708707341,0.7363877633021181,-1.1049522773398146,-0.0753929964365101
8.232687522823486,0.7092560963710572,-3.8196287287931128,2.2179426270250238,-2.2531532677536523
-8.553685057236688,-0.23615556241523605,3.712645891355314,1.744061670140363,3.1486854255375682
-4.726776527595112,0.6360494858386767,-2.768671851182229,-2.5576658128505363,-2.6037002275687726
3.3405268678548516,0.0031372548815203627,-2.7605780345103126,1.9351992721879459,3.441476213976024
9.555680113024287,-0.10837149308234786,-2.9173262227725436,-0.512980795579451,-0.2180831345341936
-9.742826420981379,0.8651965139226238,-0.9015808319840453,0.30134851125855633,-0.9589164385238602
-7.540894634297977,-1.3926847840626064,-0.24453363331117473,-2.663507235104688,-0.636078721261276
-6.459722173996556,-0.8123377072268256,0.669448490641491,0.9833970983392035,-4.063980644223363
3.6861142689955013,-0.39694810998948893,3.764948379993358,2.311749665028957,0.35864342450912456
8.11861165143204,-0.040272181538798524,-2.462401968421597,0.6782400614135744,-0.40292526453080857
6.029705253256058,-0.4686199692942517,3.0337440527857407,-2.4980625403025476,-1.756141278528509
-0.29704296763208404,0.5917132865244955,-3.9809548037318345,0.6833126488934278,-1.6644823976448055
4.54779168297112,-0.7379900865703835,-0.5093316501374892,-2.9711774264145836,-1.4687937091264738
2.2415118306782738,0.6287062861964006,3.096259567831172,-2.252325901904781,-0.7792549954039991
3.6594984312897125,0.849869480041398,2.582706525952422,1.2508501729877786,3.2358657268028868
0.5658983548161594,0.6192621333059795,1.4051662894612953,-1.1223526876949719,-0.941246459953323
-7.187297146406541,-0.3065910896070159,1.6547772651349142,-1.9581494619896689,-0.27639635995265177
