0,1,2,3,4,5,6
-0.16482738702478072,3.3635863905177192,2.9218516171740094,3.2125451627506982,4.292937051759533,7.183343751827549,2.418374082071999
0.6559480624222347,4.873679800108664,1.0317244760686448,3.3093571251594933,7.014436358941115,8.66066770990575,4.373977034555397
3.4243490090946116,5.596035103285867,1.816847588722785,2.7126650242687256,5.423217309301969,7.29415270936914,4.330769594789997
0.38870254324780096,4.562931901582554,1.5212401898258543,3.7351008439141706,5.478992650206085,8.332914531793953,2.6917787423371893
0.18168378753377,1.703037967221348,3.8180143966497715,3.00107534941929,6.369537817600238,6.795509476925049,5.5743134007603405
-0.8190470701263852,3.360996433618779,2.8613231265127506,3.6614032212252514,6.804422513478826,10.225355138466268,2.6322360339469393
-0.34374263285005924,5.5915308623882325,2.3153136835628807,3.5702192382195688,5.4014602295632645,7.66558456248236,4.388534203778564
1.8364411519717958,5.172719809642205,2.6383562114097976,2.337983380353701,4.411083323957239,7.684361905353296,3.3391976554613647
0.9002240768279697,3.3460768839961186,2.610755881210291,2.6603579742513044,4.737420481814736,7.658186975987369,4.381820250233435
2.5922464654062156,3.985837697401085,2.055323194216547,3.931459885423913,5.1656056502144825,6.797362749793435,2.901022658088067
1.0944641745230421,4.399275497693516,0.057094733687026444,3.9431684511644547,3.6711021616243857,8.900484371814052,3.674866961211495
-0.17308565228045136,5.439825089048826,5.451233695685345,2.699527238339792,4.7155283307404705,7.675014294828967,2.4182268343857873
1.4910864826837664,3.349130184147728,2.661707388891187,4.078465889817798,5.757226754610104,7.418787145531024,3.821506349463269
1.4135830003856864,3.317155050272154,1.853262605095239,3.4676558155810246,7.536896743769693,7.993245816521206,3.145973820343551
0.10391363844117762,1.5623515807624861,3.3419075090274744,2.4114800154546847,7.016906056706721,8.198570985778659,5.091658547271787
1.1914288468157146,4.855973708784979,2.7310198036339246,2.114836133431984,6.586748605923129,8.510891243517774,4.231591239230644
1.1665714121700077,4.5394459676983665,1.302343532107853,3.2088453682650497,7.521061966998641,6.978283818557261,2.9558448819898384
10.597718931421854,5.2517551977813515,7.05726015228703,4.278303179694384,0.317146971235105,7.65521888315841,7.577456803800825
-1.4235157607652216,3.8225807433970362,1.8351992427060768,3.1877330688247696,7.331727140699482,8.215766260456714,4.845457456640562
0.042786850271013366,5.871366251884243,2.011212539872453,2.4625458347903417,5.856085755416822,6.978513417870852,5.48334769479214
-0.755598331070106,4.495799459280854,3.3897595550484536,2.965047149045623,6.782387786240837,8.633584972097777,2.9166730207943665
1.5574323882261893,4.917779976731453,1.4209705157006898,3.5153293562409407,4.750828410343132,8.195283940673747,3.336940654235548
1.402356539119718,5.385870806838991,1.3288011962283925,3.7830065103994146,6.970865410114987,6.183245873653046,4.020356925009991
0.854286810376214,2.828750762532998,4.113184784669352,5.064019506579001,5.83044368725543,7.409842372179812,3.078405056455437
1.4927763126841256,2.2992257904124793,1.507290387422447,2.9058373783144735,6.486052087924507,9.385787720283222,4.4129708902654
1.4380769896222794,5.472205897835552,1.965758409488155,3.97350135187291,6.432846581067457,8.836670748451303,4.4101408969215985
1.3424956321292667,6.47792557672574,2.4144660779335423,3.4438472957543333,6.352732091624281,6.681668861536298,3.307515515954648
0.3641660048170945,2.6672456912977087,1.7782194831432727,2.8458933597821465,6.022821879792639,8.734953476595475,1.65445433550531
2.9095032460271617,2.983642616228627,3.676811918711643,1.2039275846362885,5.527152993990074,7.227651244414119,6.274604016579521
0.5174570717221396,3.4668125127815212,2.315309436859246,3.105761073287117,4.443548503648933,8.704324112288266,3.6054216310672667
1.8191864787046133,4.222296740840491,0.49530830878643317,2.46488569831388,5.100962789858028,7.718627371396069,4.522948284102948
0.8322650828708518,4.146754534655644,2.827547601450722,3.7356868465614994,5.785619982666796,8.676230773143482,2.8809447589311663
1.7442560705494083,4.878773565057732,0.11293264531218017,1.3006863332568157,4.110308952242732,8.187385527854905,5.042001840032919
1.1215547472067922,3.6304016660050538,0.8133591046507653,1.4815903536698773,6.589137437062893,9.31562300489603,2.7898112945545295
2.7774711170143114,5.491679475354117,0.9185644010868188,1.8899820012217934,6.651840971093237,7.3805197006062055,5.428205522757068
1.7513690793665406,3.948939029647473,4.205664713455381,3.517170780310601,6.727870665602968,9.25981674854067,4.538000983341356
2.144198710466484,5.6530646805365885,0.7593109243024356,2.2521244892882875,5.357592807522753,8.696226605655745,4.740009475046616
-1.2679121163817122,4.457110013218305,2.561758106966761,5.866420910848214,8.159078542521907,7.875881574933628,4.239090604835501
0.5458882779592705,2.961741186127612,3.747223930902846,4.659250821730156,4.992951257766607,8.393224864352764,5.830767150990029
3.096901381783866,3.854764607742246,1.3728474027333537,3.605575988761907,5.162684874075788,7.876407065413211,2.6490671845946676
0.8018864385538051,2.9647989592399533,2.0969147472742105,2.4662085225852417,6.51992260104251,8.475113476515288,5.45064132068998
1.7260110867399363,2.937539962079442,1.1198090315537776,2.5295472927519738,5.729190656806139,7.327587617146356,3.526403039089688
11.666819195395925,4.39569431833861,4.247370564139529,3.813538076074731,1.1655829306718362,8.561417085228728,8.76615933580953
1.711690046066838,3.461744408083677,2.561899519560246,2.979304299320692,7.889327602702835,10.162534156582586,3.2442453580113573
0.8583896276959666,4.079654659668886,1.0701969337158435,3.044931572181854,6.587594025529227,8.920826225172526,3.929809230669017
0.21823601100164836,6.340735332294438,2.9086729706863648,3.6625910225760827,4.521993880272349,8.549993131105072,6.482324720773608
1.5889333228136988,3.1269560163689905,1.6286111483182921,2.649440295604921,5.249051745311914,8.951184131611251,3.7517466203460534
1.7242781627092327,3.1712474660517374,1.648328239835541,1.5024607741950635,6.142341831342209,7.377376201851133,2.6584540199146245
1.1904918485398759,4.928384228285763,2.7539679041893534,3.987445104646726,6.933735769959488,7.540400437866198,5.036815399997925
2.0625284890831876,4.714941547365799,2.349933124638215,2.4768145773966737,5.835821677909136,10.410089779385679,3.807568733074152
2.7421875279130354,3.507526813351839,1.2778868743484273,2.0856721883494718,5.9846526978475945,7.726229553819473,5.5174956673012865
0.3506848712181816,4.050999869955875,2.3140355541787163,3.901396804835685,6.542264206119684,6.176683021844516,3.5701846940132462
0.8478825524200695,3.446785995983548,2.0296840006047923,1.9209453293505883,7.38828908194311,8.97353317514088,3.1670746227660165
0.21153821102301096,2.717346015393425,2.1702353268123593,4.50626252625128,5.824337726865151,8.810394624263878,4.500022953767946
1.6934441671870548,2.6876350802078264,1.4297444248188784,0.6893734528239297,5.629482579428084,9.112337990877691,4.062186940688693
1.075732412087523,1.4320966281148273,1.9090777093116131,3.895202638581974,4.994691273996835,8.131683407084594,4.9247107751582115
2.1127864719765315,4.562094996440916,2.4998356119485443,3.408558763702978,6.444571161526747,8.052814575163056,4.370882960327353
0.18462468402676158,3.5201009593561285,3.4768253561417097,4.652136206022519,6.137757308814573,8.231171174922872,2.743720002565932
2.8648800029745196,4.7792455707385795,1.3878049996118018,2.816373179809763,4.044472557480198,7.110322081475783,2.9145879720260406
0.6051389031829241,3.714557030299665,1.9585407307889033,3.9553559770150866,6.529387748765669,6.968318120232572,1.6487857898179947
-0.3010969485092536,2.839586657334303,3.3286389288580778,4.207786248246949,5.965279542351505,8.188365294601141,2.2367546919444163
0.09905198191575737,5.042737030543021,1.8465821026210787,1.3093483300505546,5.378350332388571,7.590492103447073,5.176728017751813
0.23837529745408892,5.381517279103418,1.5083837104795286,4.183555700304701,4.407745538044061,9.084480915261079,3.1234475602961336
9.47014309193202,3.3532775211451504,5.537986083041964,2.134165133247217,-0.6526509218559612,7.359936981166392,10.436896960581137
-0.4819173538934809,3.835612296515972,2.6073340031280403,4.469746474402891,4.0484138558022895,8.834048964651618,3.132496132795344
1.1476332214236848,3.592044275868538,0.18872782358407614,2.5488218368241173,6.344022998185973,6.719943407057301,3.9096238351186803
3.277342082666887,3.380725204542118,1.4234709359234747,2.0297726018486486,5.609760612198351,7.970404799164689,4.137945000097928
2.0297861626431137,3.6153937547462704,1.6240996354928467,3.5717689108187685,4.783398091619452,7.912813901310258,4.0006401433350725
1.4341179350859483,2.7849335301727782,3.509946308327515,3.3338025565980267,7.0053909554460185,7.27664764692679,3.326840829825499
0.2895656982982404,5.632013282470982,0.35128247724696293,1.849842778935716,6.098537482101958,7.781422546631368,4.316757447640578
0.688552968212305,3.50473946698181,0.9280510305428515,3.0087575742924506,8.08995452063962,6.837033552489958,3.9434789992223065
2.338099718500276,3.172607849449509,1.6277673108528732,4.141879044783029,6.484073298647764,8.256025661079349,1.644937805585927
-1.1230676888115774,4.8394501630055675,1.9012428087135622,1.932091013983463,5.350600149031094,8.110779627438541,3.7953194612694308
2.4606667772830173,2.8005199732931256,1.2780762493792608,1.8827706942101983,5.772032222742872,8.653166143271,5.313257817991636
0.6150820764321292,2.5585135876690517,1.1958805600058473,1.0233045820831288,5.8791477276229545,7.367185161672271,3.258182672895177
2.332230509088495,4.499484316886573,2.194994730052287,2.7554472455088397,4.511568801364129,7.51262142930244,5.522977114199046
0.0449204253206813,4.9475960755479464,0.9077461383303913,1.52767018791461,6.001841848521155,7.2819424884490065,4.849065258095158
2.3067067920152393,3.9931390090420305,3.3678223626351613,4.584368906164693,6.997259786737384,8.714584176133128,3.001447103020111
1.2237861456674004,3.259536624167159,1.3803693508754384,3.442032571484221,5.610553529970207,6.964440519558187,3.888313011091906
0.13627751185701176,3.6672248594123236,1.946104787274005,5.300173383321811,7.455303081461265,8.380513972149755,3.042465767666899
1.35990260933231,3.72648296117145,2.7676595403465454,3.1569477516449056,5.216836930104081,7.312788919854308,5.57191543091952
1.3672903270463952,4.224014294691672,1.7524854981604447,1.3402829821335505,6.664157046089507,9.064895744649874,3.6012983082636647
1.8648387944182196,4.214488631681584,2.126570275848867,3.2776287117070595,5.807063295861934,7.251388872747235,4.746893803901688
-0.011945772307049518,4.304910590565801,1.637187774248124,1.5774506016735665,5.0589599332837345,7.840504800806727,3.833456008525034
0.8417141479478542,2.6074823188292147,2.8921155066892332,2.7602868533225298,6.910792726138726,8.454005577837,4.656056838879677
1.5953854289009552,3.00131910652709,3.0445563413575476,3.8206475287560666,5.423485935945565,7.861937680554807,4.946070748146904
2.1319094948100963,4.376314803065028,2.871632323050026,0.8553912938051158,5.8111397413698285,7.852626534189191,3.8522575586290064
0.4457330651601267,3.774958028673015,2.538982119050609,2.7511951167898197,5.375476623208488,9.745181402427178,3.9044405879654036
1.9619007425688515,2.8780113573328006,1.9774408611504246,2.8534672982703313,5.899929164848063,7.87607469450293,2.7991525405870004
0.8533758304603708,3.59380070917128,2.980299195644906,3.9084867350718597,8.068922468603201,7.319637406656244,4.092264103686
9.21293072267908,3.5768709670009717,5.641354911079215,2.7640923722286876,2.803718247629864,7.773287767166495,8.897745281712139
0.9955507279102797,4.564003162216916,2.940290689375219,3.3205348028664092,8.056971713335644,7.133599380769066,4.117150966879171
0.7825513348018722,3.5183480537789644,2.5583790433799445,3.440766822108146,6.281146861919519,7.9435345487205415,2.6712209736075994
0.3322907480064503,3.239659025412973,2.41645934202971,3.353209405917247,6.759794169027972,7.229587960855584,2.4479356014102827
1.1735041961893975,4.08301560915501,3.532051578613241,5.151832792113272,5.515183150122099,8.79805629072229,4.022163413813081
1.2877864472055807,1.503191502262481,0.5455732051386479,2.841278652423276,6.9312290319332615,8.257241262210705,5.031044557271032
1.4982084982258912,2.120328475931156,0.941008087010091,4.951759261053648,6.237314536093892,7.998809557772189,3.963314541627865
1.3666038236210403,5.186823401146954,1.0571577140095445,1.6602037078679934,7.13096259311887,7.885606520072639,4.224810728636491
-1.4180107712711063,4.353348506541341,2.2554606601957237,3.0126719014787375,8.166705545045026,7.2358004850237005,3.762959055080778
0.6730125849906505,4.386343599368961,2.1228537880698113,3.944286208086911,6.300188879418716,5.446212711121653,4.542904534786097
9.018721188211579,4.234110059750727,6.053327766384639,1.6613140257483388,-1.197767254959789,7.32840212120793,8.109872364889537
0.30184375439829003,4.032588864978314,2.4364164930978416,1.3843080651768451,8.814696417851955,8.612344394432744,3.629605392173014
0.9212849409511471,5.668348130054435,3.0824427572973336,3.9448236828204717,5.7509780484855115,10.058672034997974,4.228127328218778
-0.13889569925724254,5.020071406621827,2.021044342204264,1.9089665525071775,5.304320991164104,9.196172994739895,5.303600995537778
-0.9786665543311066,3.4529053309058138,2.2358179474797515,3.5728544177926422,5.710198832012409,8.442011670261607,3.926957969508647
1.2264877640415088,4.138406791197502,1.858124383131438,3.1184510318170306,6.723491734641718,7.186311864808745,3.757782337617819
0.5379824307634595,3.0149652072650386,0.7335975017879843,2.43558530114496,4.968960652581025,8.35000858420401,4.000985073239247
2.235295037983853,6.597835763202536,1.0733902867973777,2.8732397511397845,5.121822616747676,8.48547663069536,5.322662672699245
0.8789983305023065,5.827596986500206,3.442392283096889,3.671846051448298,5.099792920217794,6.534838968591184,4.491232883583849
0.0003621844367676097,5.434491373259998,2.7393058856465515,3.278215580426735,6.8236863628505535,8.155503485122185,2.975642943664908
-0.4314179055255003,4.763371071715459,1.2875862265366458,2.2805849782777248,6.0592166707850454,8.694382656024503,5.93351312848071
0.9941259157656014,3.9949106710404334,0.7153537553994869,3.3016686009746703,5.040904380177828,7.29077495693777,5.786530883377565
0.8671006416912103,4.51692177528795,1.1496953152105887,2.9214033269394712,7.0185908428664865,9.144633639181585,4.857163301183333
2.1922127496845274,3.8738551772411,1.971095227734706,2.7754214057589923,5.004208901694335,7.797109085732119,2.919451539434874
0.5391441867258032,6.720517185930941,2.0324359186920242,2.2910874148585414,6.913056476151446,8.65436511380592,3.1512764654880674
0.8996481088951426,4.003608989751716,2.178335916669818,2.406962540641868,6.105520337321488,8.125931187472323,2.5493596919984904
0.5256105765283254,5.740139631857676,1.38447150426579,2.241239977139992,5.725808407151733,8.857404071631885,6.334738109873788
1.1140835638766784,4.7254603383880305,3.4057719443576566,3.4095301329600978,4.832570563746871,6.757470806729954,2.5425126482314178
1.8011671970514493,4.623510550268944,2.8131601166446725,2.969572730212329,5.539163559443797,7.389734967481153,3.7695521430115417
10.066498157125176,4.842568600020567,5.952502457691559,4.160163276763643,-0.27703303129338464,8.775209240500152,9.725693988976172
1.8463337995102478,2.4096620865688445,2.3620122297960218,1.838562302739085,7.100306613529518,8.593487889869367,2.386541157823398
1.3833843567180493,4.0906911566705535,2.4634312897196553,1.2712453023864465,5.234583869109707,8.047650511529872,3.8188841181512454
0.5322398847519422,5.05276030364806,1.3792256347705838,1.612360690107896,6.345696649906631,6.542256861941933,4.545591607054366
1.4976355721301164,4.466446571562244,2.2200941434379415,2.332151097358207,7.599957538656067,9.260026134029694,4.325398549575216
2.7461187209122704,4.19870366382891,1.5536472113236082,2.309674188728376,7.308190999045421,7.629378387788127,3.2788399657695817
1.4672422375607717,4.040192924368655,1.6926155123562325,3.3725562174673502,5.711791417748408,8.09471391026688,4.768650933082451
1.4972800979352159,3.3915674254556354,2.829442301341543,3.705630931619909,4.398876081040143,6.487340736902766,3.334548469923853
0.5363287309463134,3.602663040043487,1.656499914085861,1.5033276329383534,4.842542095042697,8.158374438411748,5.271781328854393
0.14024829582193565,4.600046908987798,2.5650043787300296,4.184430689347232,5.567842844668913,8.90579290866841,3.8760312274468283
0.27893520670729266,4.992492326033096,3.432624958664224,3.1028960829733565,6.285233685647324,6.2586502506393815,3.007939047706263
1.1656020185442018,4.116044817203885,1.863253557086066,4.5275240215644725,4.288713394528833,8.512956956808084,6.193900876677747
3.098383581772678,6.035140955289888,2.1764460304389273,3.943208327375424,7.465629494585894,10.587412765448558,4.427018528368912
2.089295899579275,3.261074589436542,0.7407129801826726,2.6486282967232118,6.589175282463669,7.823309784095534,4.419477663419718
1.9292721875960086,4.161667498930555,1.5780113068846835,4.077647336834083,8.206866033492817,6.534300340993468,2.5526141866044467
0.7926828367648464,4.46243097785713,2.8639269814678503,3.455508714874216,7.2669120089113495,6.644920580373634,5.120293432962896
3.1581382637187763,4.716667828715336,2.1501283500237083,2.0008908685189466,8.085218526587758,8.81192618800332,4.1530415730781405
-0.7151459456451765,4.1979564372689735,1.6945335223595577,3.9451736107427164,5.660730086288916,9.024446039112105,5.171076301715159
0.08644550420577812,3.140665613502295,1.8098936455367873,3.609417730627469,3.9357025609083833,9.406021673533333,2.4479250061463844
1.5685965783427565,4.875668797507598,-0.9402569889623025,3.2326716908220554,6.473639544276798,8.540979071263745,3.2576365587000677
0.3730947206554972,3.384746338522491,2.3516537802615463,4.848236534381284,8.203475415351907,6.863675394577872,3.8561006190629987
1.0679548188651147,3.0927675529050926,3.1479622088761685,3.107259667920415,2.5966630219998077,9.644021487625139,4.627966525345362
0.6400660556582924,2.6348917413810002,1.47477436805834,4.70926410258785,7.719706501030778,8.286287016773645,3.6157268909523643
2.1066079359323426,4.15291012480079,2.119035639592247,2.7098576808982906,7.519139983988682,9.143551941246146,4.535707754256148
1.3200678070468845,2.649071575194589,1.071167434766513,1.6448923956106212,5.653149619447823,8.158756115390117,2.686068652785873
0.012669812333688024,4.204832480084541,2.849986080661854,1.077755252879467,5.990973721762546,9.08249295829919,4.596765157679736
0.13215264105260882,5.312022026868571,0.41237215717794595,0.8885822099800063,6.827896296244652,8.204308661149101,3.3918112248813093
0.6547656156144525,4.884687564580671,3.0723377637280835,4.28969445061884,6.804329062398477,8.81641674076416,3.7614426968269385
1.743145056380111,2.990447785906078,2.411895628615038,2.8008410507870147,5.074368550312284,7.406940180443607,4.342458110087878
0.8886758418486579,4.842137168901753,0.025714284968928025,3.3412508818465834,5.693236564250025,5.554072481303487,3.470549842033984
1.0501722781657987,5.373405902139189,1.2399832513254982,3.1230531007490936,5.828020360840864,8.536819765735668,4.441819541951423
1.0884658145152983,4.849487714289273,1.487098257372961,3.947912515894838,6.593767604373556,8.672691033416594,5.454577094255917
0.5811514144825718,3.6768463450141597,2.348913452831701,3.205532493229079,6.819527450003267,8.615241269565345,4.569402001628438
-0.222530498557306,4.233092410043606,2.287982951859367,3.6942940571450813,5.2309284898254536,7.108604000942778,4.9847275529014965
-0.728425572945373,5.116003525875067,1.8779454642434275,3.627891306489487,6.451993130148714,8.715998296190772,6.607810354132534
1.3460864279359857,4.1137551606091405,2.4049716387585924,2.9536076648121536,5.176283952976925,6.9350193273825855,4.065374137185415
0.2758242959293825,3.374117385634684,1.5785332668974943,3.8941992574810302,6.245308067487678,8.372306339229814,3.9147279693573176
2.2878595735704326,2.5977204090777737,2.5150365377933372,2.3356810778176604,2.854997262288836,10.013937188301462,4.450887960423192
1.3066496337663012,3.8255604160390217,1.5978979482354807,3.0717784545135496,5.295012550203214,7.258394286524842,4.385670833380115
2.4672631376319396,3.9635337419313914,-1.471450690458699,4.192181884554177,5.687238619916281,7.72209426188614,3.06381969985757
1.632417103474947,4.786215088250849,3.3849679617317454,2.2393526453446135,6.449362233337255,7.973575681786829,4.3173645695223195
2.2713138188213318,4.9119791732623055,2.980419823330229,3.724446870174739,6.113885470916837,8.281246455862627,2.0298229013328046
-0.8049264780074428,3.124221145796402,1.3349560729422953,3.730286712066397,5.223271757753843,7.585250674055075,3.8374186298994157
-0.28651463690338974,4.053914369961676,0.8309692345514312,2.2655990976082587,6.270196085554351,7.186432635513272,3.336353749487993
-1.1932082908430832,5.735317960330114,0.6303286678387685,5.171120480200397,5.9204106774399,8.663005575066252,3.6508654476642666
0.6054931115473381,2.660799092238545,1.2358160548783017,2.2240256932752924,6.26253847378698,9.132353449282252,4.641791792073114
1.7759810765233484,2.707225456460843,2.986144189651526,3.7617318604644994,5.362443427875902,7.0879177583062525,2.3947852540849976
2.1315602576769015,2.783391400810644,2.1765681691759826,2.789753226904943,6.587872549238314,8.034658053786496,5.251354412391093
-0.054221720457305445,5.142439806663877,1.0642812251707112,2.3937161979818846,4.800191930865608,8.196636266498746,5.187949959214657
-0.19379407321447917,2.959430838262396,3.886844063981573,2.658029488597582,6.694935569253461,7.587579992963499,4.75001246440765
1.0193913224933429,3.6154465678752628,1.3836192913766148,2.748757317549691,4.7996618717022494,7.302604331825767,3.931709725079553
1.4308058682237708,5.29807439796571,0.6152332123759079,2.447164592386864,5.591374639912093,8.605445662451531,4.803425073070206
1.386710418513622,4.729144941787235,2.591121061344876,3.3284857253454536,6.971668444953172,7.623498717629689,4.8294079453456025
1.0071249468161032,3.810775683257769,2.334116706619791,2.9077188767486155,5.38215774248608,8.481846849427916,6.371392330167325
2.2203779673903736,2.4674156836225016,2.476063467780525,1.4194980010105696,6.658628071628033,5.819779891739081,3.9863425755016313
2.0316130817209546,3.768819268006995,3.0050098100104528,2.7976446292479884,5.445300115999046,6.973916779766904,4.378883126444212
0.7554613466286172,4.083181106579019,0.10208102603849967,4.224636676133966,5.068168114417439,9.048447044672745,2.600978460638304
1.4936156991107834,4.0150343791874175,2.801542730890553,3.1953936242452925,5.763002104871097,7.898672366810505,3.800150318588262
0.7296684379316122,5.590992531374058,1.2884322170704734,2.6438225021201722,6.672728580393404,8.163590934831674,4.8770639012527015
0.11491570509508409,2.8364931246188902,1.1902972721469687,1.9618398919817777,4.881001956705808,7.621830688205797,2.8283177554206795
1.8410255423035524,4.550105039612743,2.6254013337567645,3.670097378949755,7.253586236126434,8.50826972294131,4.511065835858311
0.9331873426089259,2.4162765569789078,3.2374375282557804,3.2255599757177458,6.5506769531970805,6.268395202223844,2.3908300244122556
2.780427857420161,4.361625511870492,1.5936678051236388,4.195417394779051,7.596107164143325,6.767549782665809,3.628831267026596
0.5817782152193158,3.727586118310987,1.6083577308954429,1.967577662746086,4.65334166653291,9.708444030889169,1.9017354988330908
2.291884918949812,4.428716252598229,2.388012823977918,2.566603374323801,7.1401271992698625,9.705766061220626,2.4592044548707586
0.05449416973187671,4.9432013240519685,1.3772263261363111,1.8746343185919865,6.393431089192526,7.866012473112434,3.357869930065398
-0.8877499454898958,3.6680816408614065,1.6817279137302896,2.577981190529257,5.361799198762111,8.148406037213096,4.3566509158384275
0.9113991313566416,4.090751071972433,2.0999084628379636,4.024612802794623,5.469995560310954,8.462711778823344,5.581269484896932
0.4163099177051185,1.1703977170512765,3.1811149908545886,5.320962455330191,6.568542040121679,9.609421963990432,3.627376731114402
1.5880621789737586,4.266430007045798,1.7433834814341196,3.736792494960502,6.223568166200286,6.803815229940413,4.3026896731136715
0.9289026726174934,6.468466775119258,1.6598355661467565,4.665742581689665,6.059845591199873,7.190103540749457,3.681504114595081
0.5471673926764837,4.354756939107608,2.313641147524704,2.2394371602120913,5.397354417687808,9.054275185645864,3.0453088859516693
1.3028913587048685,3.6033966526285988,2.987606827373264,1.1224983764821492,5.371690288475299,8.434297641943813,2.2789139024317873
2.993204555215513,3.941021809077138,2.3960155962353022,2.3450207818378743,7.520227539427642,7.365847746027468,4.906591975302059
0.8659185811812807,4.410213259406502,1.8315372164041852,3.0037035530856584,4.870601015336315,7.6170242529106815,4.016532922231976
-0.3638817660356506,5.010768329538514,1.4135508434357482,3.1553729007634352,6.534221016621207,7.672772918012663,4.620857440605466
0.5495563183616052,4.235721474506117,3.1668093932426284,1.4195302101808698,5.513423256416887,5.535211538456175,5.093250014885542
0.31583370385649134,4.066545943178845,2.553391301468846,3.391777054365959,6.554589552421779,7.519448259554898,3.3343268746740633
0.9638597620475523,4.483869076295619,3.931418687975972,1.9816635123523407,4.786325750022369,6.983991014988532,2.8817154258337245
2.480552722082963,3.17734257816685,3.1147900808746245,2.655798147622799,6.466920285931964,8.081665634540526,4.050982129715285
-0.6670549267991686,2.422344232560686,3.5134913074982546,3.061474904246011,6.14502178697806,9.370432445257142,3.634054624614128
2.4113339105261478,4.987278057200781,2.125188841456867,4.09859016017505,7.321910655414864,7.26994235138903,5.845599003813739
0.4955547699628876,4.982176747704445,4.381121210323593,1.9839316357543288,4.855764150325793,8.8347278999829,3.341749697128414
0.7694987268997899,4.034772614222017,2.327499377951513,2.3954360091326325,4.992325144968349,9.170591975032846,3.3791647147650163
-0.355824781162011,3.5618104266804718,2.6065268612236734,2.637900264839488,5.1771282414504896,9.5107760515147,5.458724897658312
0.509349801692397,4.015991611986193,3.0189299848417397,3.220612767256356,5.443808982645221,7.073754804629619,4.176424807510414
1.4144831987516835,4.765265059766533,2.4445049303091158,3.5028170172670157,6.362759736735491,9.00599143201528,5.469064612650129
0.4221702938483236,4.46603514493189,2.0382768170616714,2.359134844390176,6.8289683947703095,8.487826537297554,2.894317940558457
0.7266361266961792,5.612661561480044,2.685950891313729,1.803105610689473,5.9900795268901215,7.616416491980727,3.7846701906650595
11.334442869151577,3.190637910293275,5.78918687911294,3.330351422749166,0.5876820110208645,7.970559837467637,10.913024987172957
0.9545942633370628,3.720487251465546,1.3359783682234205,2.664548683956259,4.740429799136676,8.750020253179393,4.72334683931732
-0.21931461673293806,2.671310468833452,-0.3331904502558345,1.6643902439646672,4.485881597133328,9.423838558079884,4.251778890302656
0.5235963347401715,3.5397502347682157,2.3641188237910216,1.6934411109324483,8.079986781355343,8.21932930219929,2.0489965275058313
-0.2197524459703173,4.602595434912359,2.4280228891196054,4.29293651113598,5.963481237139322,9.487326007123288,4.275535934049156
1.2187010150380857,4.25419928975888,0.16700957988356668,2.7297046653013006,5.248367366500546,8.349546190812543,3.605782638112698
0.2010353130086675,4.374315944979772,1.918159507290836,3.0958975422338986,7.3549000290912065,8.064357060883664,5.242767322054976
1.538952522405149,2.677683166432102,1.4973507432062652,2.7190041648271452,5.868685387459998,7.77984806495799,4.3205155016165575
1.170020914367976,5.211644577581614,3.247672167942194,3.3324341954012775,4.638020733303271,7.267792805266215,3.846515117513082
0.9678163064184622,4.780635814892634,1.8271612102637154,0.15510878764759095,5.835980343749095,6.460731177314514,6.074498313922543
0.9455751579943031,4.726816948682046,2.082627201921594,3.2580003468297676,6.656851398447667,7.264199997407084,4.93132786654817
0.9540594870595551,3.4464873245462186,2.3183097050750376,2.048467811840821,5.490955692380448,9.072449387610149,5.5825965919063405
0.8885417276557769,2.0606918198779005,2.596596235271995,2.957866243832643,7.2458906719902965,10.858873068019275,4.673358220151013
1.859403157392539,5.00275545753015,3.2230288953335977,3.514957234664605,6.199745737722864,8.194016579798316,5.959505736998532
1.9625559388470841,2.9211783277895598,2.1600999267406347,3.6171487791691153,6.954013702729996,6.829215572979039,3.8477206770032333
1.936843636665119,3.1937479137061304,1.2149189755269303,1.627871172322167,4.972627973220994,8.201918348888986,4.8935671635556455
1.2892643310224141,4.016661926268999,3.3918306020191977,1.4468653677577046,7.308650965835259,8.388913281578352,4.4266066859374025
-0.6288927749092561,5.939034218348361,0.11110776414191426,2.687212226424048,4.819663385802126,8.316268934857693,3.145338392227599
1.0308309105872233,3.3369545148118833,2.277679549097499,3.1204452059039167,5.096750668354384,8.038634174162222,4.800335114350229
1.8276425819529742,3.6357752019572116,1.792499121997919,3.1388688598062298,4.945258631494968,7.9157332343544,3.0249881897407773
0.9553661389373203,3.257683734805601,1.1330217403360368,2.6191811777321177,5.997099004615292,6.971028039195763,3.7638591603133453
1.696035095455742,5.2771890892782025,0.8754830641255786,4.04458543438951,6.001823724610023,5.972947893711627,4.768877721468396
1.1328775517482594,3.6634283897607265,2.5109257466233923,3.63762767750279,6.32327911644545,7.357607834653924,3.399792941055194
2.0984496077999903,4.524292810533841,1.9297521766915242,2.6199920660062768,6.092201754871898,7.630377020602688,4.0102113113320925
0.3432245084945996,4.157377144833156,0.9545565239391001,2.903239474872925,7.800618899662407,5.851499648917524,3.477783743287405
0.9436539939730094,5.589890028782417,1.816438498829946,1.9852482488786856,6.72665703090379,7.398030626199833,3.745106056602831
0.2155866780846739,4.391000862297375,1.1835687593209183,2.9390506689246223,6.372606503078814,8.078885545836725,3.3516220128337135
1.9213749751896994,4.0984416249434,1.8573903745690703,3.4705618908565183,4.723792771452455,7.302399505614657,1.6394346825741124
2.3011381316576687,3.5651180819321326,3.2269886292265784,1.226954655539728,5.004837140186012,7.853588967119763,4.73515609559595
2.5488484714248214,3.128509886171815,1.4872834534901669,2.4797060901408003,6.705917663743794,8.206968820746356,3.497894813809852
0.1498236153439475,2.629949941751636,2.8494080520695495,2.5573460422645975,6.197855351333885,7.357702998878391,3.5775730556157717
-0.8667133537567755,2.8546988011850107,0.6519853177372674,4.054917174826037,6.33041029340118,8.629786206643415,5.217595788849394
1.4094076634509463,2.32488869314974,1.9800189466894866,3.8095498880318353,6.877329181512038,9.926403190412437,3.05435694082356
0.6016143600270616,2.695886566947963,2.920720791908228,2.828636615352428,7.336061700041766,6.05328984817571,3.1190234394391005
1.0064951550708756,3.5378495248626614,0.9516681639972959,3.452088853541115,6.90238421175405,9.702339070298782,1.9545109393929012
1.6326059154850299,5.68767164462182,2.1092389742420248,2.80714305946396,6.536606429977505,9.134571619265401,4.222059271324161
0.11333849820282504,2.5654084749710373,0.4985592050817391,3.126181615336395,4.1119716732628895,8.585467687891073,5.121586919939865
2.0957995380691763,3.8287930867189255,3.21522437216803,3.0563285947898455,6.130845409078868,7.3239882213187215,3.6487005440695794
-0.644828728270467,3.204080640464476,0.26362878981338933,4.187534961527349,5.690112234444672,6.924453310056035,4.965628972206454
0.8485239530865146,3.743921881669565,3.932141612173048,2.8129863409080014,6.109211670829817,8.714971179890018,3.1094275019440705
0.993407656560572,6.331530981579517,1.0603373265039933,3.910319400663234,5.901291196379766,6.687963268562253,5.993024422915286
1.301813968793721,4.575224076676972,3.2661232736364223,4.115164023893631,4.662662098653314,9.006377415613677,4.1439067425419305
0.9488685549756246,3.681443672835735,1.2424148995303153,3.267480481094366,6.661997776115082,5.703195162857549,5.222102216179312
-0.9321809344345946,3.4507365437641666,1.271915632794671,4.3340654823990725,6.512267565158494,8.271492223235642,3.432904818599451
0.5178936008598956,3.9697026179884602,1.1695417524226384,2.763637215341774,6.273874438121272,8.949014076553903,3.201147373419554
1.675104169974206,3.5924709942519484,3.0480005859274595,2.002705228657926,7.998058046045779,8.444709792233748,2.346673020759402
0.6702469343289459,2.0346233958734183,2.904711082164607,4.375574602248527,6.179146915627337,7.9358627131909945,3.1229560691520777
1.283131753159252,2.9159285722838586,1.0556332719520372,2.270217369920316,4.117788035115639,6.506431187582102,5.399332284215498
1.9147980529177553,5.90637313010143,2.152988971569136,2.957693529634093,7.312946408405839,7.512826617452729,2.591510830300604
-0.3402219326301468,4.257525835200719,3.458826103367242,1.9016772412367313,5.1295021585901175,8.663902196972078,3.636356030415358
1.649876008746789,3.8924057801905976,0.37494319179631797,3.208621659630249,5.389965789761149,7.002184471763615,2.51481679135794
0.06952541067515161,3.5291085344894815,0.13533451551149467,2.2337391396711936,7.039989624381916,8.353065508624939,3.7387932352986577
2.1575620810063887,3.406606365387482,1.2968518750889677,3.687967621731882,6.841774928258196,7.7411221491901605,3.3211517792757324
-0.20508005103607485,4.394175375724043,3.8972914361463467,3.515771625746071,4.897991819024931,6.919145545872555,2.904520963344683
-1.1711488082024304,6.062694392549798,1.3145635026177749,3.5519537356249504,6.2618343626454145,8.262625703187313,5.539931548144846
0.58476498597462,4.296282773244833,1.842180811617594,4.1108973912975895,5.855056528713766,8.997024603062682,3.420163718221214
1.8286430095358617,3.607580292703759,3.0306803472519928,2.6060431728360762,7.482483030365263,8.599034898172997,4.472002930941668
-0.32522534382932844,3.2532284748619738,0.8079134984591674,3.4561681094759233,6.862452058871391,8.275200997572002,3.744645192748674
0.8514141660581007,5.449639228922493,4.428899529134894,2.0708190820702925,4.725365683189053,5.865610654293466,3.801546954931476
0.4941947965602933,4.320621124236418,1.4577441387870151,3.6822724024544193,5.540944933610731,5.8224718959566655,5.518377038907769
1.1420049050624406,4.05914355503815,2.6089950343409027,4.3518607857182205,6.113202174981796,8.73704058960447,2.709264876668313
2.0059083154677095,4.119281593327643,1.3387539832222346,3.1315210571349192,5.2865449473435,7.60035783677141,4.125038526171513
0.7692162355809818,4.268335516148111,0.36804886508129275,2.8823920498399245,4.796713245355526,8.613443941250859,5.409892595638803
0.05825904553177064,4.972311251172959,3.5778017784676193,4.0970616595306435,6.1818314304656505,6.95639542984243,3.4352838598414603
-0.10303802299660925,4.739881483936268,2.806477439390236,0.7547145233506551,4.908829113669484,9.019719176712739,4.982064320369139
0.1313125116688253,2.097911122361663,1.280154968986324,5.252543836877739,5.076262296549345,7.077415738205043,5.532868993147425
0.900076201823259,3.2787364542222965,4.0828683647966395,1.9718718478861614,5.5927823708445805,8.073213130181395,4.944168832658462
-0.2973034213710388,4.380338255397781,0.9250677024127454,4.4672245067288445,6.530527628618794,7.433879028040541,4.183186607648837
-0.5729475789544889,5.4652415086603,0.6824637146398089,2.5161109179199563,5.050841585369363,7.238753349636655,2.273225156460475
-1.3095823491083753,1.9594460347827747,2.6401412493721055,3.187933287955949,5.813140583039215,8.67086601141692,2.849146133409901
-0.3300510539553505,3.9513734656462542,2.3104683927436813,2.873843991099794,6.604381420238883,8.954797846538002,3.387650975731849
1.857101183301996,5.891590565842307,3.1402215498068555,2.183335482440781,5.629459164978673,7.7463212645792225,5.183456268259582
2.196371680078726,5.0615159211813765,2.469527213690529,1.1644198539154413,5.073373878751478,8.472091510311753,4.0206721814650015
1.5096700957833504,2.776576727903483,1.3402960369893628,1.874460973462802,5.555714150008287,7.730352289557912,3.285280488742552
1.7144991458623844,3.9723905291448527,1.7262757246632474,2.4541896101681546,6.432741740035065,7.350733204324863,3.8601194772662994
0.7918765602834873,5.096520938616094,2.5460020211409864,4.315962932341199,4.066606053542212,9.19363221134472,5.6738239410743425
-0.30143850400076766,3.763800361725099,1.8033238285406048,2.717773736807085,5.883692132176113,7.516897522213913,3.875883806192016
0.9553905815207384,1.9055152347019253,2.4134140347453195,5.909616901027477,4.610333143169365,6.765104620532586,5.1072208664410095
1.733703568444224,5.344264195599887,1.807766428192366,3.373195245681085,4.754789296023109,7.202684260192138,3.969174315320665
2.18664011182612,5.2523057300554985,2.8968085284179517,4.601707615622378,6.348346518335071,7.4728159694468275,4.17456781591615
-0.19102872198577292,3.1877995866613045,2.6465926349787616,4.946955689991382,7.070497265420513,8.310183436341372,4.927087583085215
1.5877306252531258,3.628716575970548,1.8387069638030313,1.8136739460918618,5.210679800774179,8.962085213598225,3.9216866602137608
1.0992854529961333,3.0008245439021657,5.016603036833085,2.6659941566038077,4.798539419985474,8.432582976946188,2.411695350663357
1.0016634521100962,5.4724085120437,1.8708930919617084,2.125743850406752,4.464351838182525,9.681947440537671,3.6891460559743408
1.2206065012266183,2.8987879478128438,1.9461346379115514,3.2106813366751084,4.238739354425336,8.346044093562988,5.510029147221209
2.8832357926440966,4.033802154934469,4.098901204993533,3.1993571531839757,5.872492421989992,8.261966109034544,2.6561191481843
0.39578441762119676,3.8594964194304113,2.56748921693655,1.9054535166948061,5.617132491170377,7.57745798996668,2.5113676723253873
0.4486315151811302,5.330987149255531,1.4250705429011148,3.4753011681607604,5.613580833985504,7.873755060181064,3.195788823720091
1.6098283428626343,3.572209751160989,2.466099547594375,3.635020916280656,5.9290958288791185,8.629081269440922,4.564710019459973
0.9172718205953054,4.659651311398138,1.4863574207790067,3.8190582937853943,6.586483060454811,7.015124280057816,1.9542688219927014
0.44992233113997615,3.4953393777482025,2.893574526610816,2.109180577381353,5.253085817865912,8.334098118139943,3.730144706203694
-0.01831950575493435,2.6671105275810203,0.6875618818983857,3.8457165926332975,4.747310947974032,6.787999522306261,3.352122798194715
1.096256600987342,3.3928652743277503,0.6683812033135019,2.7145628348456787,8.3361115654292,8.285835135014455,2.034972664792332
1.8677249553671718,3.515985155955433,0.284003649091797,3.2461146006882706,6.230009720319756,8.199108008198753,3.2916795916151065
0.6845903636138366,3.2890232632117606,1.7084420601674117,1.9356697223907458,4.746657237026357,8.764726662671515,5.349813879983845
1.838798588363801,5.785618481000804,1.5827119893798547,3.8277191364262126,5.516018458701755,7.722944046722008,5.812764725740662
2.4647256141411216,2.0224931337860905,1.1316016255913959,3.0804911888732867,4.895339454276857,6.358175485058847,3.2822874041395793
1.5183428853652827,3.2769592435753685,3.1208365005139527,3.1799004923068943,5.605279395289677,6.532527774043859,4.3830654609212045
2.6162084333156788,3.198719788708171,0.8897186404598425,5.2708156330350935,5.696398820687012,8.397942492251904,4.079055242375514
1.9501412258045412,4.3272769400163895,3.5760020220455697,1.1615432457199353,6.739466834310923,9.903089788770822,5.7438951762167765
0.7706858004076189,3.6323952613624875,0.677182173940639,2.9235569725786803,6.044413016257984,7.917729408237537,4.7251468989060825
2.3942791285826974,5.122783647696014,2.3650654970815475,5.416427831788219,4.997986318269073,8.035800240583805,3.99515376550305
-0.8481203322971325,4.63911657153491,3.3000698754504603,3.897615108954067,6.572290920409592,8.45058201917985,4.247089103280381
0.3458404761861532,4.675703241646296,1.7477467294202014,1.5670637193149315,5.694652471493681,7.893190147519986,3.9295983651559614
1.3444749264543772,4.820863872891097,1.6435610772626026,2.3181402499618855,6.409232325138868,6.270187953604062,3.7037936842151957
0.9227225022574703,3.7379334203849464,2.2095231977464977,3.7888477180659823,6.9011066227527085,7.548210528772903,3.1817556703492493
3.4967202946000273,4.288287856254698,-0.2359269429442712,2.336629691492902,5.988632550455597,9.309100226523253,3.1955351256509594
3.015689628772601,5.315424486161906,1.4222747111472105,2.0185604193650515,5.908133326255812,6.741476087328711,2.5843467070486907
0.9347100893517625,5.136085873457673,1.3183878792094768,3.026966173747932,6.187239320533185,7.29039620680415,5.587426031426153
0.9383855248135948,4.243425534263553,3.7564962280749166,3.8777203570560608,5.607874960600947,7.572943100292062,3.1637784861959175
-1.1158556195444893,6.146690448740655,2.808998155387948,4.867860960862049,5.965598567621699,7.900025980514523,4.868626781929656
1.6151187867638779,3.4592535852992454,0.9349282835346762,0.9465710055839174,6.2529619104165075,8.21939811265514,3.4751023810785915
0.8641060020121223,3.812891603293956,0.9227807598218085,4.1335613571798975,6.482529530632431,9.83504202617782,4.987061728711755
2.6035543541414823,6.301972188960155,1.4291329325301354,2.7388530238051563,6.478790689750233,8.775627452913364,4.078618962906395
0.4346838008967052,3.139864200439173,1.8271807545360508,2.547403487189092,3.988890442505486,6.151394432935737,2.5492984644418843
1.716622505624034,3.6471782251034868,3.4140343413963805,1.939103766020583,7.762098044263045,6.9018690782958725,4.084729287216872
0.1383995011158664,4.289279712826223,2.772590407922365,1.5368972863430639,5.263149743456413,8.071574561071824,4.226918712110579
2.7757742506089453,3.94938974188203,2.0690536813528158,3.5899687313673607,4.879687120027082,7.762496407512738,4.527521343120425
0.6982806450453989,1.659343442342518,0.7243136909377501,3.017580312103304,8.338312012038738,9.663578421445273,2.665391319521741
0.9623928010807181,4.615022180905097,3.9872523785933525,2.745787164871266,5.861169932221464,7.95869597385318,6.803513960361198
0.49032113694645274,4.39399606820072,4.046733890552348,2.777089846834134,4.852465145487834,7.066777811025066,5.291048606682354
1.790505856566337,4.045609845666895,0.7967307395329724,2.4684925899170493,4.8688384930867095,8.475766506935315,4.911778908331965
1.065054751336619,4.756360882899789,4.098181375628236,2.6700810863397573,5.618171047558947,9.017396203583608,4.788421702808847
2.639370781007847,4.202306270983222,2.627624835361748,3.1145858761558576,5.645558065829981,7.148817797087045,4.005906615481842
1.546233762797493,4.65365100191101,1.9774039597015942,3.5439925547674314,5.634725051774995,8.419890656338856,2.8678651437935807
0.9707513223192841,2.864046039674357,2.1016437619626362,3.281375506430077,4.428154221996728,8.007634085604069,3.6413300655128995
0.6360148830669053,4.2955029520547505,1.9547690409160818,2.135935263307674,7.608089300759939,7.168180332611241,6.321095207142721
0.08719739010461736,3.7507626014637663,3.4933386715672903,2.784027721310211,7.613583936951531,7.389485045668881,3.748750537610003
2.0868896466187135,2.7612782924181696,1.6327275653779987,2.4018702914442347,4.612759521806971,9.000518930891468,5.479792331383191
1.3978140068237597,3.601646207407864,2.177243387239306,3.2786201596802544,6.43208014063896,7.92776869416338,5.408199833063582
0.292867916720585,4.926975312341378,3.5460275090138342,2.0550169488515317,7.059528029288362,8.824367486606873,2.7912106467600553
1.814192939834431,4.271146133174948,2.495181872484223,2.1553703355067966,3.4466750259619867,7.791626251977243,4.540198810482586
1.4668663352502123,4.567895476588969,1.998328846275103,3.9155064360330583,4.590260241072249,6.816174963210604,3.5772489380944683
3.418713253583366,3.3649293799381135,2.9728594182874555,5.158787082956717,7.625287582868083,8.334171355617254,4.675759531303763
0.9017585026751999,3.224153600462982,2.174600681859599,3.014942060089261,5.99819026772582,8.194708614325032,3.7205120538537484
0.37200020899350383,4.330430249959337,1.5365402302004414,4.121539075191361,6.651485191828292,9.148231364516992,5.418265292258457
1.172578901844055,4.392249825156398,2.771944560121652,4.184888621492891,5.8434494768336815,9.336498738391455,5.076310670788978
2.243319516980983,4.078597363767709,2.0208039256721295,2.4574878038112455,6.871637924934158,6.474018100698909,2.9678880411753346
2.8830013073721723,3.3059019481472127,0.2963698009430069,3.2775240846904437,4.510514930731819,8.624365393604704,4.277564948380101
1.432109127132121,3.8174018229003606,0.3001958932316522,3.0421300207111477,4.95166501006115,8.093647518049341,5.191061429198176
-0.6099511586531821,4.569074305208838,1.4794016902616263,3.234081231093282,6.581430738133199,10.735186703338245,3.8588661891627902
0.40413118248303437,4.249826748454951,2.4589871853655216,3.4749562876715188,6.856541469109957,10.396242213452918,5.196608749702347
2.680430417948914,3.822154486700138,3.3917436116009982,3.9098077415405257,5.066172448090258,7.38470969286875,6.945932447244676
2.4142550968126257,3.5773575831852606,0.7940018035314067,1.3883845890267694,5.98593099117649,8.629057164144736,4.699774184952567
-0.34520238993041064,1.2967944562120324,1.8933785949064674,2.337144625762983,5.006049534475957,8.398993543647572,4.746409996072798
1.4995386645522704,2.5719158132919238,1.3150220213614998,2.642216351925295,8.367491748445982,6.872723605609036,2.3150303646915384
2.824625609718245,4.276422063734582,0.9903420889160865,3.651542426843454,7.085623522655034,7.389778595542719,3.740569907761004
0.5840481189611332,4.630075793925973,0.7735931410540318,3.2429391634013367,6.351277396486117,7.91763066237328,4.372202773477952
1.3318423332076272,5.078306695952593,1.8963452346282725,2.7695713761319074,6.741905511041901,7.604424509274583,3.916065887364484
0.4231423141429991,4.202591898854313,2.276446673664311,3.8283782641183945,6.525330320084054,9.18716998358825,4.972852822972291
1.0423719803536031,3.3249260190967997,1.0894558003045716,3.2471649252656873,7.532627337567861,7.921638796948095,4.747400935624869
-0.5984356033249367,5.38339766871787,1.0142365962807591,3.056060163281831,6.234474510836529,7.090240905929442,5.034651452963529
2.5266340048963807,3.9826071014223143,3.0546771928323873,2.2792051821934836,5.894243166678401,8.50407720150321,6.003891589774431
1.8717664644535623,2.538848626700061,0.837470995630361,3.886388759738946,7.135218812229953,8.59317888710641,4.647493029247103
0.4642394955589625,4.802580485982369,1.44244582534634,2.063154306874437,5.3570135978723465,6.0633018631750595,5.531056929251743
0.6778237589574139,3.87798426329159,1.028098906338395,0.6131478549110123,5.763236661433138,8.956575978656026,3.1887729581670468
0.20926426505999562,4.311518316320651,2.0039286329762227,2.695544870267352,6.056844216026275,9.220021180987565,3.2679618892362807
0.015993080793924808,2.508661703801005,4.536944398649219,2.15447584306063,6.14758944991365,7.237978126106785,3.4537754947986015
0.29469024537361643,4.50249407399925,2.9914595059185234,2.6496490771386627,8.72891904624435,8.472250072753198,4.49549784008183
0.3018822586123995,2.239648985618115,2.33983347320709,4.56849964805202,6.147785974431238,8.038302968207152,3.4665080371966273
-0.43964727254195046,4.6637181163035955,1.3628620955249877,3.040617803400091,4.672427478827927,10.20005133914311,3.3297816974666086
0.6012349924423839,3.891836227037535,2.3544414491579,3.2863721807154485,6.4505704902499765,7.133929116620537,3.9650648075215815
2.349671564544445,4.1906441269259584,2.185097811493352,1.117932037694085,7.200622835187545,9.32576656369307,5.084126296944344
2.103709130894167,3.646450077369026,1.8633655519759635,3.7872130198075165,6.772802812875129,7.861741121285544,4.200439238693452
-0.023057539744643085,4.314197528411442,2.2372477787982565,1.405540163673601,5.756663633223472,9.547512759598764,3.6513333437532953
-0.6042884151318257,2.2524858676179784,2.2918812935225055,4.303815374825674,5.932324969895832,6.700274875398764,4.942376750415948
2.2394448062465226,2.372810288232567,1.7811080190491924,2.708688262292075,6.613855060296014,8.079249727050875,5.2561366829587755
2.140276669558762,3.0507861555692313,2.365965119640557,3.2008437086995847,4.448216106111958,8.362453599347477,3.6074531859316017
-1.1665999813395853,4.587306428024027,0.2271628587172425,4.1446505265117635,4.516271301085061,10.359428473614994,4.878487016818748
-0.635647354515477,6.249855203972819,2.6614051620654395,2.895392251167913,5.6273442708612444,5.0713179494522205,4.854004611163784
0.9712843919852776,4.127078027998032,0.8069889623733999,3.055172172961695,7.399882820590203,8.582216639405841,3.889446435915377
3.1487274107071634,6.189575499087676,2.104642299894495,2.7952488291191804,6.658861762806559,8.17369826515756,3.591345737851875
1.4351234064875298,3.521597773097428,1.2378059254166212,1.9807415684047713,6.356205979499238,7.596393990986769,4.370038286962136
0.31793623073251653,4.022826775191094,2.580890359898265,5.291629554866628,7.3385402246175975,7.484850424959014,4.449839242740743
1.8580235335225215,3.5912009256372084,1.5410763647860208,2.8175541491180915,7.2535397835220525,8.401831499363176,5.249543299252096
0.7049049366719626,4.272252409618388,0.3539420580391144,1.7249258443618334,6.1501968478736755,7.117534688191222,3.947841180707208
0.8368022630852379,4.208975637985002,1.7449251922565865,3.555697567807914,4.430610675132,8.687402500124088,3.518363397946537
1.4000429709726179,2.4889906984895918,2.8131344468319397,2.7767930846353277,5.119124166331269,10.430437460003983,4.521483878834586
-1.3721390806348492,5.712936464595474,2.5056513794287483,1.4638510864660939,7.132375923915359,7.856588025135634,3.1070668043584946
0.0022320096109341714,4.6951211282611744,1.5456155617161382,3.276822944323551,6.367710742661945,6.796737658487676,3.5889422811972063
0.15995736689413687,3.7756781856485757,1.7522063215687247,3.3026829506327107,5.397296711588783,8.001930579534898,4.36239241424285
0.23476621155205712,5.320304394992615,2.1384876456385356,1.341791489263519,6.56731251396484,7.716223813039133,4.566929582677895
-0.3124543675192033,3.72391653294347,1.9190024787808742,3.749478543375937,5.948535398936903,8.852618968773237,3.992572405367579
-0.18173071162713228,3.1228813959975077,0.6676268136678938,1.7212940129619427,7.714927130227939,7.3394758287752335,2.6509652703692557
0.07988203999680132,5.200846983436808,1.973741843961714,4.046009260501589,6.735007152356278,8.12383257924345,3.9419939113774114
2.2166299164527365,3.080715186114655,1.7188231438606658,3.247625781786109,6.3097146500590915,8.24648515716302,3.2731410531849345
1.3791699776721513,4.053297256661688,1.6107177331400337,3.2726147074251473,6.135442492963038,8.263354240999394,3.413911957090274
1.1777252099416664,5.572814146437792,4.177964444465435,4.436498723407037,4.490089248863786,7.851400903532192,3.307068729307182
2.6116056307381053,5.2044296184361825,2.0598446465256655,4.4686383697687635,6.325591328709487,7.633821043072393,3.324365620858817
0.649455487478196,3.207467978779244,2.8713568197112713,3.596671465747507,5.63238407302051,7.340891820635967,3.755255056527621
2.038766273430817,4.805485919160984,0.9465787444651397,2.133806365360236,4.467408307393312,7.332721503270339,4.329395832404481
0.9701498934655939,3.491950729862678,2.6812901985801028,3.688453953427249,5.538603725035123,6.720625122436995,3.1402928925252436
0.14196421018806826,4.8272465261862205,3.3319411681669133,3.4464646515940656,6.011524328652325,7.945331529416063,4.504441552615042
-0.4429349803016722,4.574750391384271,2.8724852628612156,2.779801644646318,5.916839459495023,8.285929157632143,3.4606449843402047
-0.42140487465037024,3.3907962051442553,2.6040715821462577,1.5786604497731824,6.134041700476345,5.891037823065551,4.1569228417398385
-0.17791209476821201,5.035639339157596,2.9787341631029793,3.6653391024639754,5.844270508093556,7.982228891491876,5.3235369335944345
0.863756330593776,3.8519298991848054,2.8873657420992727,2.5468616553436227,5.588838788328838,6.5166596644532,3.282921543704188
1.3339853509006743,4.242007170808499,2.1871723324298604,5.114309338038272,5.7784224579482135,7.684376717585842,4.095224596703856
0.0015002532435978155,5.809380406541955,3.1326403336767767,4.338903805657927,7.111766342909235,8.149880153700515,3.2798380377223793
-1.5416653427648326,4.97831481699316,0.8544256774418186,2.8653766842877695,7.3479756866117825,9.857477858029132,3.1380153435585694
0.6257741683258503,5.286819467267744,3.0192613621414424,4.172265540275033,4.806739262019629,8.598759261172573,3.2453487762981994
0.431210525073519,3.835727236777458,2.7028699982624644,1.5377357063738573,5.478099328844614,6.593861334050328,4.489875538852967
-1.4670716895827018,5.5355617214152275,1.1769663278022007,2.6297881650397614,6.647844943903239,9.175591713247176,5.310848517650241
0.5007904396366172,3.8863559057540544,0.19778531575584113,1.5494600736684674,6.84094102932269,7.948173202421139,6.159317543691031
0.38520631518500215,5.028274603963267,1.2057301512999474,3.8253700389446403,5.5876219615073985,8.379387592130334,2.0796353329282558
1.26220428709063,3.584522555424675,2.6148133381841294,4.632948124833069,6.852972368568525,9.008696822124449,4.761365341430503
-0.626552937964213,4.480863562707414,1.1879942295023307,3.027266024157617,5.428900890484369,6.797006130958861,3.945003834381492
0.22358642510030036,5.211107589124742,3.249767217277071,4.131625686178758,4.674733935757361,8.160977310504098,4.348949287118415
-0.1671122684340387,4.412705308676667,1.026315479089515,4.369864638632782,6.761124057586211,8.378774662868183,4.479294626809287
2.651643075555369,4.24280234115069,2.2350111100061274,3.7530731132208457,4.474885376907523,8.007796109460767,5.369185030998366
1.7922940153817106,2.3765909672981165,2.270472899243737,2.7445680162803434,4.6549448485044245,6.052287027671324,3.9221345678111743
1.5532996500956964,1.1793088747502036,1.143487278339312,4.238588175354202,6.063027894307218,8.187249591340024,4.1975404545788235
0.4678118280251433,4.5375915144720755,0.5026529943625839,3.712220493418264,6.042292206259647,7.307735621640637,4.6654369709384165
1.4503594700779312,3.4445307679746002,0.8663490221433965,-0.87880230156855,6.104041966479902,7.079436170816434,4.764596582784748
1.3501121141271,6.239766385866259,1.6660410715661913,2.2658903610808037,6.72085807325036,7.801623079512808,2.6318864917728853
-1.0386366864674699,1.8796006923988235,1.6454280972863031,4.74058745088231,7.025721494662366,8.914443919124244,7.682505806029331
-0.5975054949972363,3.441712566145966,2.8959428948675505,3.5911676316597774,6.030800350338533,9.184398618086595,1.7029489190764342
0.9771831556431098,3.287948704365058,2.4302058882683526,4.283853742795376,5.758606599362598,9.448341305253368,3.4051820806882294
0.1848495875470425,2.5036769343913696,1.7386391605173865,3.5086421146630733,5.0525694324543196,7.445622190329598,5.73278115604758
0.27952260655102656,3.791354267404734,1.6240692127735576,3.9460668126282155,4.647505590121301,6.94684314915678,4.515039616898455
1.8889634677003824,3.8525741507166846,1.4442823200863102,3.882304170816598,6.721212363658226,8.98209394033057,4.91458368724791
0.8512520121095938,3.694078736623604,1.9391509951626162,0.3804175571751829,5.985040429328453,7.867365972088809,2.8284706193427147
1.9742404759327892,4.58626455522818,2.1470480762935615,2.5841544918436528,5.929722076791891,7.128072939044707,3.318867676854534
1.7926425468093314,4.652677202936245,1.7711533255392773,3.362509835496243,4.954245545237713,8.291821660703055,5.260202860977172
1.8618271668370183,3.6889634999938417,3.9825123698325724,4.845743230196738,5.524038456695484,9.06566625483574,2.963034449883775
0.6883931649782733,4.176674255617112,2.037002278526557,2.400491323136605,4.283029740607023,8.127788113225098,3.4950233238155177
0.9805616238779281,4.13843085942039,1.9812662665573695,4.50681287824338,6.12718682545799,9.92195864768597,3.898704538435274
1.4154793988491028,4.519473917929468,1.9222464928498384,1.323690869958179,6.419817592822468,8.11284564203263,4.558105411204436
0.5865107034155583,4.663932702919998,0.6114645250469195,4.022740089807518,5.541972499799639,6.002112672841906,4.757477539047235
1.1666511027285107,2.823384795476838,1.9765687801865564,2.900272251616761,6.3554106646232835,8.897237333602863,3.5764061629990778
1.5024877587413967,2.2059553652669277,2.2385594010876853,3.2029545394391015,6.063163520035582,7.251190710348791,6.222301234448032
0.9499720316546549,3.289760744998788,1.8780073065707514,3.6163103953148115,6.013850474443725,8.78280375473912,3.6167426018693454
1.2750147241309284,6.371538958101247,2.0391612500871057,2.2591687557967624,5.461827432599466,7.83557876622422,3.951980036876754
-0.8014309841213758,4.452524009213647,4.233323184718618,3.8075254300730266,7.196026457832609,8.24978428792037,3.2252320524854254
0.9862964713872987,4.266216472142161,1.7280963630262616,2.282323438706161,4.481387004759658,7.159928768636306,3.8463041913367464
1.0352354968274637,2.8672500041395472,1.9503756142048094,3.1247489193178812,7.162441728236335,8.646452935891336,3.199755482154256
8.602363592127809,2.690484085838607,4.557753251244551,2.651739203499277,1.6028011754310991,8.614494853782986,9.90809726115912
-0.17711666881787336,3.4487692634557785,2.9047124814032994,2.759168578643271,5.145924106461592,8.262645506424178,3.8084590436996173
-0.03451996388388845,5.920008346738589,5.106079152045831,1.8690070686839824,4.834566574462187,6.637967403461477,2.356158717095956
1.4183224548219455,3.460032997020401,1.1370430371733269,2.281601299585264,6.836392838401408,9.62128137108583,4.363398870183309
0.16990156010125768,3.363883209153281,0.9685279288303466,1.3778313539672604,5.091243897254637,7.532914300590353,4.391243519173987
0.9960102014281105,5.012154152867048,2.7266195042466785,2.8604549604194016,6.261135919508206,8.642922206383217,4.925283846774984
0.7022216190441375,4.382689586417915,3.006690078473854,2.4336045846083882,6.5037513358931,7.778727083147193,3.7720217566010414
1.6832597750171487,6.461917181024447,1.8013875996591187,3.624856209673933,4.976888799632805,8.538582902458222,3.1141807958832124
0.7549398088265922,4.0403897011834795,0.9498530258689846,2.409666701934823,6.328609045285194,8.357488275441098,4.3578066747263255
1.0251406781341463,4.7378524230212715,1.6602203253860803,3.794403514818027,5.516048999207363,8.426815615493155,4.1318721333728465
2.618507443209265,3.3771096306885715,2.4049069295628707,2.4772764646866574,5.387350876241123,8.409710867586007,2.8387032677889374
2.365780897558703,4.280553589756962,3.3973927868323504,2.5211848120609304,6.834427826314189,9.00938000683346,4.014596184946175
1.4456388178440778,2.5812870134187254,0.1310335412759407,2.70459441798291,6.060858948221104,8.077816270933777,5.757283923243335
2.1793115696395664,5.284950343177819,3.2726428195088566,4.009240767493673,7.066083245811874,6.004584990827979,3.199750224716503
1.5409700629356564,3.6839334787777953,2.042166757141101,4.301157413272767,5.477956888379193,7.948221091960891,3.0070216283212634
1.361493483006664,4.23606188225984,2.8171765756358234,2.6936718435842817,8.428698858630579,8.742834527600644,4.772336984890019
-0.626938803533633,3.7995822129018113,2.645928934780763,3.606836316865075,8.043286857963864,7.018298864575594,3.2316314194331826
1.253422425869747,4.840202986787084,1.8386672337844394,1.7429529618249981,5.914376034964316,6.6989157981917264,4.45831419278577
0.4382472185147741,2.1021892075085384,0.6586304263174241,1.5125283552775863,6.330992739914875,8.495157118536941,4.6731459404322
2.763507548118155,6.338417270431908,3.338673387811159,3.315517922944895,5.483443853408866,7.244969373224405,3.8168969067478686
-0.1330855458489839,1.7821651356830217,2.9351846691050714,3.4983150199114252,3.6425762739902003,6.600774267000442,4.363194081327239
3.6006280597125064,3.7645642408576205,3.0883848711747746,1.940718204376158,4.826831282178575,7.6608085209548165,4.248870429009939
0.601899404138792,3.9672121092935915,2.5596834150661936,3.3673360958930996,5.63607790101958,7.750682081488743,3.572403451676494
0.8363599127237269,3.11708500250241,0.3474043022173543,4.76181053313973,5.91520740386594,7.555253136104983,2.802303594950393
9.51176412629225,4.566712329871329,5.636268851791657,2.326343869504033,1.3172439215442897,7.323671253275833,9.2385669376328
2.3225474520415332,2.700874549404751,2.9267849165550412,2.977212728013664,6.425448800085312,6.68731579586474,4.570056207109836
0.34266447969639635,2.119339666682155,2.3679036596133596,2.0489501983424527,6.057858779013659,6.664994218804328,5.647852185740051
1.423540444608305,4.009244049136592,2.435951724816869,3.854441041883608,6.3719869260129975,8.136369591864739,4.353292229965367
-0.5191032274677201,3.468530720030037,1.1391199003023005,3.5814183368983628,5.5583661017232595,7.0719473904807275,3.7837738398384535
1.6517435105184213,3.3210508111776083,3.2384967010611057,2.16890061856845,7.8452953876116185,6.532043704748241,2.3399151331154986
1.5761846867739926,4.5477593262147105,1.9571376891205916,3.983029087098535,5.514953043822258,8.971029723277855,2.3557018510484578
0.5202024775758375,5.089372472178439,2.140927425274219,2.460495348338658,4.908306056418798,7.772066085653129,4.1488078776412936
0.8642007892141864,2.641875474960125,2.893801846317602,2.3475304211207364,6.305290464530356,8.984662057816102,5.131468051642926
2.0147736425443474,3.97951531819716,0.9476080390914607,2.9970945021045536,6.137732213595443,8.112178755780322,4.019253134847361
1.1309975920531439,3.4054743702270684,4.106782586881668,2.1970576094983714,6.516104460536615,8.103858469404175,2.4462364602667943
1.0204194141225595,5.132379484277375,3.565361527951981,1.8612673474820276,6.5772033462588935,8.889493870018566,2.9879365225399876
0.5633919853301228,3.908122753316842,3.2126621149077392,1.9587551707756752,7.721028623798223,7.064512361968369,2.467926964832591
-0.49575737605541126,5.522129637515587,2.2849159787149027,2.999419406211645,7.286198403882102,6.671194277383743,3.7301258025648214
2.0168952916297993,4.028705029011517,2.209760868040553,2.5496114120926454,7.033293268840737,8.402770158030963,2.9945936091226812
0.6893854556171741,3.7810814365312204,1.8124157184934124,2.89569652370888,5.170448743255683,8.480747450902506,2.6945012856873545
0.7144778412186074,4.581429834076792,2.718965735013007,3.790589953286433,6.750130973090858,8.228132744410324,1.7770983177780164
8.850191950189378,4.760609788674162,3.8871743279950275,1.9831930355870444,0.7216738100480856,8.286495778775866,8.540643939231105
0.4662472467664991,5.773727389885361,1.0784507364283904,4.171977182865493,5.167561316321582,8.330244512762098,4.216875890314433
0.8343286780763941,3.226850075999857,3.331377501102338,4.451020242234627,5.4713494565792775,8.750501098279967,4.004032926828551
0.3474723909043811,5.0809820435849735,1.9521278855937572,4.372759060052303,5.7774070232418016,6.610875627318036,2.8165701157584904
-0.4968616090164193,6.012829328440274,1.8695765533052406,5.615959951167524,4.956609859105548,8.094158790216284,4.942206736016641
2.947279108556546,4.59753153990583,-0.24533433648943692,3.067171453147016,5.9537708959843,9.339424723741258,4.524659039740474
0.3758326561507954,4.837430084082775,1.9177081824498383,2.855482511780978,5.987756120367646,7.5893102161058685,2.365081531145167
2.1415988249820885,5.199371544492397,1.5995387152156435,3.8202707861669687,4.056904121410758,7.461714466298612,5.407309298058096
1.0433367931568212,3.613271481380714,2.792391361710097,2.9698426584254127,7.234134519587668,7.8103182418946995,3.7545433813983524
-0.3407104463671269,4.772359570793032,2.415189852631635,3.5190925534368804,6.610866238171451,8.511319272042863,3.982180450806755
-0.724603989576682,4.373547843713125,2.281341986049999,1.4380461201241135,6.948045044478574,7.372478460041272,3.0542628580349627
2.1415858214969257,3.6527520913396927,2.37579603039432,3.6684277703170642,5.529946429166229,8.04587424275208,3.7044411392144365
0.3128982531415936,3.9167092620232027,1.665711260728496,3.0103570419247885,3.9613182847274007,7.755406556042542,3.3685057899465085
0.7325397033758031,4.189736878706772,1.2785164402814873,1.919392331057647,6.004527338698842,9.03464963266274,3.5234115653398765
0.695062095656179,4.478111482038329,2.77742681459406,3.1549361226034915,5.499063681454052,7.70710045848494,3.66227762159269
-1.282695212094814,3.4621368894394187,1.9409898225749727,2.582559328851712,7.905527412020843,6.98696388918075,4.32127064541064
2.0629118775727333,5.211453137214455,3.380383047139077,2.7033089519345603,7.271345012195925,7.931934286049069,4.587630437809969
0.22699255990411193,3.916996599006334,2.836065890397153,3.991189618704828,6.759886036266276,9.61936498141909,4.379907253346543
1.557152464980552,5.158155189381438,2.2148850396735944,1.8896270401626307,4.625691895272258,7.72683941640042,6.381175379533685
0.19664792208626736,2.7977270289874125,2.3183616900499247,1.372496936747705,3.6327448123997494,5.708082447162908,4.550105312126283
0.7114300913920988,4.419110222942679,2.026458336040341,4.651835078452371,7.391515294370555,8.26055728358379,4.498882858308253
1.741831789726675,4.567906572112577,1.9797637276087061,1.8715431112611263,6.558895952867152,5.5594951523983545,4.3655127273353695
0.8027374918319752,5.569159022318395,2.2627383898783324,3.6713371228214364,6.44206951820364,8.46459855915705,3.560131130422224
0.7949444974061851,3.2312275033226636,1.3159844425803553,2.6061469258331624,7.020842079652665,6.470041894835272,3.393125533886206
-0.5214739920102709,5.280997411414352,2.8363138388280795,1.7639236546492312,6.090382610074763,7.720271312025868,4.27456836767608
